x1,x2,x3,x4,x5,x6,y
0.43477910430726613,-0.4807281990424167,-1.0,-0.4494647511991926,1.0,0.47632588385171404,-1.8005731987256388
0.5828840418303982,-0.5101630586612141,-0.14502701501691756,-1.0,-1.0,-0.4438900184363659,5.501617924267585
-0.3838718568130237,0.3687651627411058,-1.0,0.13059206387127198,0.3895490941571238,-0.7378338635466295,1.465104464234817
1.0,0.5111915508652423,0.59342747443287,0.9175146076664542,0.45198286837583956,-0.9387417765521191,2.280282021246109
-0.3180208835257321,-1.0,0.1997802876530768,-1.0,0.44598424958925764,-0.2634496164362525,1.5837285983970206
1.0,0.5427784801066637,1.0,0.2721833957061188,0.3424801258383105,0.945636844638081,-3.4159085599538566
0.10787472624044249,1.0,-1.0,-0.8521940336517824,-0.12008402082972464,-0.047921365235880975,0.9334431578508928
-1.0,0.593193926593383,-0.08596703186533694,-0.1393832441881503,-0.5165599891020806,-0.5531900243699595,-1.1631657998118596
-0.3064017860941286,-0.2760167802290969,-1.0,-1.0,-0.8919298449373889,0.5384317857858791,1.7275499873182283
0.4367899888216291,-0.5497958211902435,-0.7590081613064831,-0.8700812154815896,1.0,0.03917215150644643,-2.148799044937065
0.5106934377575312,0.6655798806313477,-0.45773458622319185,0.7979702706806814,-0.5098927685773332,1.0,5.293133145560072
-1.0,-0.3479896597129537,-1.0,-1.0,0.6903089837943086,0.8407710922902762,2.7191332082387296
0.6507043069203899,0.7878321906952955,-0.22607194704509093,1.0,-0.9805715834312594,-0.06295285224339808,3.943942317381125
-1.0,-0.8468808182773335,-0.4162754176412071,-1.0,-0.07813224710482625,-0.6252658588560704,0.3098805775559691
0.42915731922265776,-1.0,-0.700647779092617,-0.8116419824540845,-1.0,0.27825409586934396,3.1449838529351326
-1.0,-0.1450688199781609,-1.0,-0.5719940672795769,-0.40401202965383287,-1.0,5.088106389643167
-0.005362213879774647,-0.14686588991610539,-0.0025311494117897793,-0.8292911184496541,-0.6768230046349384,0.4062170486202188,0.6160259322943485
0.2754258453980196,0.9897226450343282,-0.5693521404992059,-0.6112502160731932,1.0,0.48358438756911104,4.997980103992287
0.13840054088032505,-0.7537228365502233,-0.10447085537163159,-0.18263505252041634,1.0,1.0,2.5650146064383352
0.16406162932137003,-0.005594823840026297,1.0,-0.2792752856550602,-0.1219689938571431,1.0,-1.0717193653348227
1.0,-0.016344340838933547,-1.0,-0.7502147708260157,-0.33289656866025663,-0.4027671059592206,2.011598206469615
-0.004358381451742721,-1.0,-1.0,-1.0,-1.0,-1.0,6.525852424193113
0.30919930162276243,0.9752266423226197,1.0,-0.02410235521246029,0.09710836090728048,1.0,-3.318454977836012
-1.0,-1.0,-0.5923968183133115,-1.0,-1.0,-1.0,4.708770843705269
-1.0,-0.33279359220916316,-0.19623005561229567,0.5917655501654216,-1.0,1.0,-0.9282162375353442
-1.0,-1.0,-0.7387728869181185,-0.43407395448427105,1.0,0.21346904285824841,-2.562887525347518
0.0063435328931873425,0.9433570114390151,0.7135762643895696,0.07829658885012722,-0.20885819835518016,-0.09017531687690639,-1.1772739040410114
0.023388668530969964,-0.2729208983137187,0.9637574564315773,0.8157815792521268,0.19542968696515095,-0.34435165501413567,-0.5878697973241447
-0.8018280056184441,-0.37322883548619445,-0.49488667437733624,-0.9712497716746725,0.046634238683623375,1.0,1.5547895928143989
-0.29716638243977367,-0.1592397280303205,-1.0,-1.0,0.34399165762383993,0.6385631400865738,1.4662426512828506
0.5217219052201445,1.0,0.5008812171249275,0.46606692503334446,1.0,1.0,0.7029248287556572
1.0,0.1904303174180504,-0.005282388059994134,1.0,-0.34108142942122577,0.2585900612023052,0.7998384329666134
-0.8269333468366264,-0.07560274190985983,-0.25737405091254795,-0.5898013655815749,-0.6280844929958518,-1.0,0.9525815862369601
-0.48528715782735454,1.0,0.898223692306426,-0.017097812231090276,0.21518067939530816,-1.0,-0.7388010346410168
0.4636393843927472,1.0,-0.42316979441512964,1.0,-0.35583724959074026,1.0,5.452787264221686
1.0,1.0,1.0,1.0,1.0,-1.0,-5.61294126919005
-0.31990991378780403,-0.020428220915714168,0.8694684996495976,0.4352194351702512,0.5176958953959203,-0.4022704277147001,0.8354257922770478
0.27317125392706565,-0.01569352653301012,0.2535809695002216,-1.0,-1.0,-0.25223844751678404,3.0660890769873568
0.215288155225248,-0.9865099805382971,0.45581118084946026,-0.005835831008414227,-0.34095335747442107,-0.0018100743862939916,1.4139241427352431
-1.0,-1.0,-1.0,0.4094016836383453,-0.8153670311358909,-0.9496688927874355,-1.5529116027133139
1.0,0.40084657421921804,-0.5195855829427807,1.0,-0.1147640860936199,0.7946665962140618,2.773698288549009
1.0,1.0,1.0,1.0,0.7115409871737602,1.0,-8.829943623217543
0.43327724940225365,1.0,-0.2930536728415747,0.03931023127858224,-0.761828721841837,-0.7339193298682835,1.9839992919253755
-1.0,0.3227884368009283,-1.0,-1.0,0.8031207024503058,-1.0,6.2749086790562485
1.0,1.0,0.7645746538664087,0.08689541055393679,0.09717938283700275,1.0,-1.739148237940299
-0.49873990189566253,-0.4843588742030211,1.0,-0.8235246672832977,-1.0,-1.0,1.7093272371277206
-1.0,-1.0,-0.0011303100362521912,-1.0,-1.0,-0.42574523293768096,4.498085933446132
-0.5934057572727317,-0.4145114746048608,-1.0,-1.0,0.3609267958354869,-0.8272561921461935,2.0425184036683266
1.0,1.0,0.3744001126507297,0.8048399109303388,-1.0,-0.6113966055336231,6.116234136359244
-0.062269625419101526,-1.0,-1.0,-0.6812515954491132,-0.6669237087769951,1.0,3.6148314471303453
-0.37851617830744655,-0.42240463386951155,0.40153936094386544,-0.13391682286490936,-0.9526084899223042,-0.34800354098511455,0.6174759436403332
-0.09049298016814919,-1.0,0.06022469218488635,-0.06527288877534093,-0.6346986873756075,-1.0,4.3229275837177195
0.3337725825617266,-0.2132963163722552,0.6972275438401778,0.022449834800421398,0.3930885559737505,-0.0015851102288664265,-1.220133840055551
1.0,1.0,-0.48461190091218587,-0.05326844313807333,1.0,0.06477697403833027,-0.5498594112647384
0.5298060986203852,0.5175026700325236,1.0,1.0,0.46429305320775716,1.0,-5.225986894842862
-1.0,-0.19250718527112598,-1.0,-0.29313430360885917,1.0,-1.0,5.37340198326902
1.0,0.9444426613195911,0.19890369652546736,1.0,0.3433549232551737,1.0,1.5419725826013582
0.15284291288062135,1.0,-0.38075205928507083,-0.34731176152301774,-0.2302628416758934,-0.22440775372351535,0.4491480811816648
-0.5000244929382173,-0.2814896279949609,-0.8318458747749464,0.21906061187205708,1.0,1.0,7.538684341173832
1.0,-0.4010496094980045,-0.18115973029197574,0.9611550612149643,0.8070158184342852,0.7021091964278441,-1.107518804578397
-1.0,0.013869773235359373,-0.2502548698635196,-0.3810629249150612,0.29531882748708277,1.0,3.5449101947378394
1.0,1.0,1.0,1.0,0.3692893369305348,-1.0,-0.7745438390057057
1.0,0.5592237075799542,0.628338324595776,1.0,-1.0,-1.0,8.960841714565182
0.22737281754094368,0.1393538456215732,-0.7167379569399474,-0.5189766739134145,-1.0,-0.3234775335141944,-0.6819791639317894
-1.0,-1.0,-1.0,-0.6410568873817433,-0.49598994808389474,-0.6290183646675612,-1.6838251134597648
0.7597629155915937,-0.46230591237090235,0.43446833085886755,0.680604005737257,-1.0,-0.8871679223354914,6.718877849254831
0.536397207369542,-0.22470059039097423,-1.0,-0.8708389735157127,0.6084269605747243,0.6965698354717015,-0.1039620863440957
1.0,1.0,0.04363620919633382,0.7478259368943876,0.6649766670771518,1.0,-0.07665222753511292
0.16442697073085005,0.34866292043598535,0.22467540633962002,-0.01608713654701832,1.0,-0.5545188841434279,0.7254040865803768
-0.27287484037499926,-1.0,-0.5881987742561048,-0.6104529730384971,-0.5105221217106749,-0.05525952387274811,-0.8717845255611468
0.7811600755167498,0.995336828156525,0.8942301615586532,0.9054546895416878,0.39870060022413734,0.6164192455212888,-6.006674240148576
1.0,0.3956224012427336,0.9267009484495015,-0.8268359382314746,-0.35737469590925236,0.09604278189512327,0.1982220065276914
-1.0,-1.0,-0.029845483619841517,-0.9913095801210459,1.0,0.2365513653957623,2.7875394395136066
0.5034493402034288,0.06150758012401336,1.0,-0.8240814949176473,1.0,0.9328828256872809,-4.133203633804875
0.5224564632862907,-0.2512601739908744,0.24560860804043405,0.32086045420030795,-0.9143861509450184,1.0,4.444234581020098
0.29277419854155096,-0.3088562407651849,-0.2135634602795965,0.32874344915452836,-0.2265198745669194,0.508413767938457,0.25848862185263055
-0.10784811457440868,0.855646901893214,1.0,0.7836593677002199,0.42938237993833994,0.4229049332500757,-4.2738589140391525
-0.3885762326586795,0.46451748873162213,-0.8204061631382188,-0.12558568983094548,-0.8823907220643463,-0.4818027647944517,-1.2702074172544733
0.6991576192132911,-0.7970953886181262,-1.0,-0.6715178823447784,1.0,0.14250312370228335,-4.556125840020053
-0.8300929590450368,-0.5584578808026133,-0.568498549547009,-0.07706745179854413,0.35950858395884167,0.6585878529839588,1.3371758284417534
0.28168307208945303,0.40039606039624204,0.5848089648560411,-0.3414140441808944,0.06401027018135874,-0.7322137415128758,1.0759299531450437
-1.0,-1.0,-1.0,-0.035157106236054836,1.0,0.7349174216099237,-0.7507808838856013
0.2581891225592259,0.0576873159162099,-0.3788215440942206,0.6212575658489454,0.4734846599590219,-0.43637200331162296,0.027240797537697647
0.004098814426378938,0.5493072278935764,0.7928157313600532,0.5869635807416091,-1.0,-1.0,1.4302572479541602
-1.0,-1.0,-0.3867487109026332,-0.2350647444357716,1.0,0.11910235843043337,0.3990315032400483
-1.0,0.07808219952165185,0.09141282564064124,0.2290654689538598,0.37863889029308506,1.0,2.4960370144131767
0.17871022276202497,0.3019240393558493,1.0,1.0,1.0,1.0,-1.665778067011853
-1.0,-1.0,-0.38041090845619974,-0.8940476324344537,-0.3310118210502138,1.0,-2.689411141095993
-1.0,-1.0,-0.18995336233491833,-1.0,-0.6968454855497558,-1.0,3.8782122974277
0.9852329192579905,0.05224216985518981,0.9996719421727824,1.0,1.0,0.12867763556050416,-5.051707225668947
-1.0,-1.0,-0.3453754971227543,-0.3228974125671526,1.0,0.40276290751932675,1.007580559314644
-0.24556352591114616,-1.0,-0.6694612549810257,-0.5886811018886491,1.0,1.0,1.3275257225219113
0.7587201931987795,0.3917216758987472,-0.1434741219965554,-0.1794986186427654,-0.0327345747669443,-1.0,3.690012818232318
-0.9914832920828658,-0.7807744159275596,-1.0,-0.9555341752447601,0.07426949034463348,1.0,0.6592076202761664
0.7633017560773258,0.629931176840775,1.0,-0.9968013901261938,0.6762789976927706,-0.36961436301777023,-2.891108060410509
-1.0,-1.0,-0.780946070946415,-0.004135585724490687,-0.3758383642224452,-0.02288483602371083,-4.315442483293296
-0.7016956305372113,-1.0,-0.8223549408489259,-1.0,-1.0,-0.7885942439234366,3.6621024240847015
-0.08332436472070341,0.18360841102787134,0.15753594660672865,0.5240608727696546,1.0,1.0,4.699254293863611
-0.01717184960269158,-0.43462083074088875,-0.13420658159130916,-0.9011507212578502,-0.1962857363661238,1.0,2.309708661094989
0.4500278822743311,-0.002534560244203732,-0.7378870015887555,-0.38083783635991547,0.8287125264538133,1.0,3.7053692246608865
-0.3119361138159039,-0.6212526215628471,-0.9607546961487061,0.040951339154975674,-1.0,0.4369527412506447,-1.164771341442388
-1.0,-0.3672389868756569,-0.6532329152073325,-0.0368660443862876,-1.0,-0.8171326235273177,-2.22146911687569
0.4316049353545073,-0.48583924002642376,-0.044059520113508,-1.0,-0.10849992415777443,0.5772127319868547,-0.16704006403668964
1.0,1.0,-0.15154372279445188,1.0,0.6776815927573938,0.45765849513271717,-1.9473674376808263
1.0,0.6952974129897268,-0.36459030425619143,-1.0,-0.7471065759266187,-0.28744459209054807,4.7806143904509035
1.0,1.0,0.7127844504362477,1.0,-0.2100696491262584,0.30987495116707153,0.022053303864478235
-0.3867267920875108,-0.030109316704349357,0.09651776598230688,-0.7811819228430728,-1.0,-1.0,0.9411315789521462
1.0,-0.10909722075941719,0.6725549723783404,0.421958681422568,0.5066284146810683,0.6072494222207769,-2.9774572719948575
1.0,0.5643766918103719,1.0,0.6824218690701847,-0.7403686140598702,0.37612369864042283,1.7433177379968272
1.0,1.0,0.6234857125878718,0.6134662696152192,0.5975274479318661,-0.6986931601920443,-1.7376297324267809
-0.2618326827242724,1.0,-0.3069441612468281,-0.13890550200516005,0.6645937708858113,-0.5014151757005862,1.2392798049836014
0.3901169311546169,1.0,-0.19355427800608493,0.41572207557474794,-1.0,0.5780601567572378,4.161470432946103
-0.6336224778386806,-0.6270880310799465,0.025557768789484403,0.5652680707301219,-1.0,-1.0,0.289750087701205
0.20192608266265288,-0.10094266278130176,-0.8761542943127446,-1.0,0.7453502715783638,0.3258288562302175,-0.8124391774711094
-0.34753040138160396,-0.00725419076512035,-0.7511587404712405,0.028667192373990125,-0.6284618785132419,-1.0,2.0015209711678246
1.0,1.0,0.1635763839447822,-0.3537717038378313,-0.04599297742901998,0.24110962748151538,-0.44444051614570035
0.8605513651265233,1.0,1.0,1.0,0.17096033674748834,0.640654897451655,-6.291028052124932
-0.3225254429242568,-0.3963842911439641,0.022418097469381393,-0.19860088407418136,-1.0,0.3389335355380181,0.543505819043095
-0.5120808701806256,0.9805828874412448,0.2617720012295847,1.0,-0.9869095561908815,-0.7781145871967144,2.4168890914956043
-0.21181061291671555,0.7334667975016842,-0.027748091186532653,1.0,-0.5097174123519543,-1.0,4.381152170683528
0.20902921202866953,-0.6036139198464319,0.1354266603425528,-0.7253689773799807,-0.8522189802954641,0.20060016926453306,2.350922581823439
-0.6575752136432804,-0.5381986773499332,-0.16233865854018958,-0.1790412828191077,-0.3781566719481959,0.6652634658826907,-1.072638063601981
-1.0,-1.0,-0.8193495847729486,-0.6158813866373851,0.280584248860027,0.5866676055176958,-3.3259422970196177
0.9636843868494458,-0.09205183429128005,-1.0,-0.8993950177052077,-1.0,-0.11396278781348124,4.853261027299059
0.18610080085417652,-0.7436007014884943,-0.923438668721827,0.18192277124912493,-0.20104302280593334,-0.8721461061650875,1.7746600116795528
0.5087279438415451,-0.3570643125740508,0.030657371967468927,0.42854600785322444,-1.0,-0.36791889298580505,2.0483977913815856
-0.7314399040836073,-1.0,-0.8607473226681521,-1.0,0.015468873964494145,1.0,-2.342801700369016
-1.0,-0.18177575991660522,-1.0,-0.5104903621091501,0.5240672490025108,1.0,7.4319057781338485
0.8030590607182417,0.8614367955369582,0.2733459536108326,1.0,-0.5182242770767223,-0.7964030339859417,5.876279889357492
1.0,1.0,0.04023607635235771,0.5347571509699152,0.23922424203102235,-1.0,1.7414335258312184
1.0,0.16669338966673464,1.0,1.0,-0.35884624531721887,-0.8310048666262738,3.9985347527743214
-0.6275990911609013,-0.10446069851343898,0.451900701970865,-0.16244393882509933,-1.0,-0.19008235486686953,-1.888444548051684
0.1340360746235294,-1.0,-0.600742007132698,-1.0,-1.0,1.0,7.205822990478891
-1.0,-1.0,0.7892031606000787,0.40498045820382184,-0.050236072716556945,-1.0,5.491421894466728
1.0,0.16907123880093877,-1.0,-1.0,-0.7355683986510978,-1.0,4.70747144982175
-0.7057543341193221,0.47677097890597336,0.04297304523743023,-0.3578272238976075,-1.0,0.2670206501548589,-2.6949309685489213
-0.4470145232815997,-1.0,-0.8801857910890484,0.3661121749032495,0.09181135111964633,1.0,3.1948175490824253
-0.06381550836663741,-1.0,0.08813334396030181,-0.7798303970158862,0.29039767374143766,0.025726626323121504,0.9634781184691186
1.0,1.0,0.5066466342199791,1.0,-0.17852671532622505,-0.28568502967479714,0.8642242662123528
1.0,0.4020839478291041,1.0,-0.7730075761634099,0.5316714847789026,0.24622795999950725,-1.165263822817077
-1.0,-0.05757889012378492,-1.0,0.4824383375004441,0.2875968330392269,1.0,8.58008014307909
0.007855118385769494,1.0,1.0,0.27783288331460987,0.1361853164905209,-0.5384858741978662,-1.8765695769461954
-0.10146071835592141,0.39372029922166796,-0.2831136748993361,0.5483917888311157,-1.0,0.5551300172844629,1.2468281219883914
-0.15774986322177553,-1.0,-0.258319379588448,-1.0,-1.0,-0.9000121443031335,7.368076654485422
0.27142880731397845,1.0,0.5630817786680551,1.0,-0.8502128917932922,0.4406479440974301,0.7124815185699827
-0.18087520156692616,-0.19917924326929892,-1.0,-1.0,-0.5618096259548082,-0.6011218935241701,-0.13838981510013412
0.8140876205750822,0.10531242817458542,0.8006999659761931,1.0,0.25143652114541265,1.0,-1.2901114161356093
-0.9081931377730165,-1.0,-1.0,-1.0,0.17136188287627496,0.35208457440169816,-6.331359512202429
-0.5412781145881675,0.6968120585631608,-0.03457172971127394,0.9808520218791724,0.6464631795916496,0.8279321491555067,3.389710471098752
-0.9561087414912708,-1.0,-0.8509187894602479,-1.0,-0.058587645475640326,-0.0981786520438146,-4.849581837921366
1.0,1.0,1.0,0.566548370404885,0.7326327412155412,0.6600602437392302,-7.308249724868553
-0.27011307275198915,1.0,1.0,0.39386810792285687,0.8214424642602647,0.6676254045188186,-3.326387560929557
0.8467589577574791,0.5116997375027781,-0.5232193061333199,0.572918871775379,-1.0,-0.2363079664920844,2.3375421384680175
-1.0,-0.4997493333371952,-0.11119078669077444,-1.0,-0.1301530504282049,-0.7739762907664631,1.8238185489296885
-1.0,0.15553380457847943,-0.37257699876711525,0.4462738241688612,0.3385993848613127,1.0,3.922897688135853
-0.25545690848483915,-0.5515555868996636,-0.1606664180237929,0.9980706734791791,-0.18826411437456092,-0.8756391963002117,1.733535298638345
-1.0,-0.7292271509787045,-1.0,0.008033846798436883,1.0,0.5542751113233553,-1.2626806996489375
0.5689223514551229,0.14286417048359956,0.2609019010320903,0.44721233995059917,-0.2871859484161552,-0.857182625176966,3.575622849374689
-1.0,0.784065744418421,-0.6609895973539193,-0.661039421571115,-0.19268797010720468,-0.18645011585623983,-0.3155388392481533
1.0,1.0,0.391230420813133,0.4914861857097279,1.0,0.9288172016349235,-1.3788165462375592
-1.0,-0.016115316136032454,0.04507263412941753,0.3570583971600555,1.0,1.0,5.63965232606911
1.0,0.12643920081120785,0.029459617698982976,0.02549658925201803,-1.0,-1.0,7.974365561539766
-0.5379660714608442,-0.4612313934643343,-1.0,0.5312703644839892,-1.0,-0.09671299290984359,-3.0002924599694714
-1.0,-1.0,-0.6229513368746378,-1.0,1.0,-0.23575629275969986,-0.693513792885341
-1.0,1.0,-0.5248734562591093,1.0,1.0,1.0,8.49394399830469
-1.0,-0.942745196461926,-0.647057887124947,-0.6420448303611455,0.5762443663595949,-0.08555897576048882,-1.405603377592192
-0.31065492751256385,-0.8906216854444511,-0.3728599185245941,-0.5902391914550018,-0.3078646185734726,0.6111721178321906,-1.3347327300120884
1.0,0.6523231797393212,1.0,0.2734235055584222,-0.5061751451897765,-1.0,5.560528874027984
-0.5679879698950836,-1.0,-1.0,-1.0,0.8523191708784639,-0.07819209388390957,-5.9207211484075355
-1.0,0.5228531820897959,0.006880273556932118,-0.43634412048334176,1.0,1.0,6.90057657736539
-0.5834165479338953,-0.6592256203902023,-1.0,-1.0,-0.7948742488737301,0.451184824615631,-1.3333971733132284
-1.0,-0.4693875076499925,-0.6757714473856233,-0.5790703298899444,0.6653584415212201,1.0,3.6382390381747283
0.7841222895578989,0.2599187606936025,-0.32682127218978874,-0.7263143228925502,0.8045615349800674,0.5506719748331116,0.18128444825664364
-1.0,-1.0,-1.0,-1.0,-0.9087838749297539,0.00653695873074428,-3.268205346542734
-0.40305293020140676,-0.5003638659997673,-1.0,-0.35442203365243974,1.0,-0.06144430861578119,-1.4017775197896347
0.26407939856540413,-1.0,0.43929697866874157,-0.7494395514844051,0.6198467111473814,-0.8731804554520521,5.647877232413569
-0.22410397333999255,-0.8482216552709214,-0.02021358587673827,1.0,0.03847041293951148,0.7599662930607034,1.6198666301629943
-0.09849331318542756,0.2428696084509384,-0.3850592637161971,1.0,0.1433385769225195,-0.4144569874289725,-0.742641963026179
-0.8238565435749912,-0.8588484583473226,-0.07128481685899024,-0.4372455531204331,0.21619583240979576,1.0,0.4245421102803071
1.0,0.6788325397350716,0.3878744444155947,0.6487483206928255,1.0,0.01384682330237974,-2.346088416494921
1.0,0.9439222692654827,0.62189197778596,1.0,-0.6204894133704358,0.8948127500916832,2.0335570359978346
0.5513072904829246,-0.13317844747986865,0.40334720596225626,0.8126233017698565,0.8364978670104126,0.4159544544803635,-1.7236429462355582
-1.0,-0.2695971994220052,0.3580720791457972,-1.0,-0.5429299711770038,-0.00037635591653945033,-0.3124865430778474
-0.9450050234921646,0.6534027052084551,0.24166073864390372,0.16578655945675302,-0.010203691949252414,-0.003005317313085093,-0.7224064046331544
1.0,0.28530875772707526,1.0,0.0696239875489224,-0.9189155661215949,-1.0,6.8326023248016545
0.9419760545512073,0.14876222910498757,-0.04044424510711442,0.4028375148486467,-0.8992563232076433,0.01798014375917012,2.1271025778358963
0.5235369286497441,0.5180697675464168,-0.985834140304784,-0.7806900023451768,-1.0,-0.4511877715956597,1.890284972006881
0.9569445896271154,-0.029423197935351697,-0.12897071213562075,-1.0,0.9733508311519112,1.0,2.3212505333160953
0.25602372689366315,0.7839540827690896,0.50820502339647,1.0,-0.5727593819750365,-0.8593024656529896,3.875018936734878
0.07088372625310857,1.0,1.0,1.0,-0.8905313930794164,0.808937086661452,-3.2395987989444555
0.7719155011099283,0.5234832888182165,0.7980308829289187,0.7316364169236279,-1.0,0.03331068354066591,2.2933236548318163
0.4975165891824551,0.4759476719960871,1.0,1.0,-0.06438283538650774,0.06307523870237142,-1.4932946420485096
0.16294147013583177,-0.44022510184165936,-0.16560544709396405,0.8919458356070494,0.6195363219584622,-0.5021289232635184,-0.7555004451644318
0.5534019344292223,0.5784760343906258,1.0,0.2766083619969927,0.06089898595619381,-1.0,1.0066041155953471
0.3672343144669675,0.7893680142146025,0.026928142139273137,-0.027206758456255198,-0.28525637140173465,0.2750655094839145,0.7309038533405456
-0.3845144207134021,-0.13437108671724407,1.0,-0.29002555906197447,-1.0,-0.48065487627973386,-1.2964519312259115
1.0,0.2783574633406849,1.0,-0.38948315878770884,-0.9433174610228281,-0.7587692757318898,5.245029769497209
0.5180368283011209,1.0,0.6526821295450868,1.0,-0.46370986749911136,-0.4750942908882705,1.6685640727565458
1.0,0.23102557769501075,0.941239016886366,1.0,1.0,0.18707006131858273,-5.089408504172559
-0.3091494569888381,-0.1324761039188037,-0.5531273597083948,-0.9027962882307483,-0.41726591905867083,-1.0,1.9443468942556998
0.5050816804516245,1.0,1.0,1.0,-1.0,-1.0,4.226745438477123
0.6303509072069114,0.7659987515728642,-0.3368501129508207,1.0,-1.0,-1.0,8.271057215820367
1.0,0.6425507100827783,1.0,0.20265004688873223,0.8921908148713473,-1.0,-1.3412789574002633
-0.8272863329342487,-0.4838312277757311,-0.9844554273751536,-0.3456095817414219,-1.0,-0.45262391195827645,-1.770669383037732
-0.42674479497920936,-1.0,-1.0,-1.0,-0.45011352666624205,-0.40023357230009193,-1.4185323729846147
-1.0,-0.7621531943041433,1.0,0.1319077582393497,0.43713628133033744,-1.0,6.0308041579143925
0.000612901201833993,-0.10867295855978648,0.6254355438972286,0.3776901163212624,1.0,0.1915437188957605,-0.6443224515766274
-1.0,-0.30700606536014274,-0.5471252522938765,-1.0,-0.3764660825867131,0.024555530530910197,-0.8128213994589424
1.0,1.0,-0.5102809918396312,0.7533810447133693,0.9968166233683593,0.9265229427192019,1.267047229547788
0.4284570022231592,0.6407599932345587,-0.9315576570954368,-0.6022250775178989,0.35024667172308055,1.0,6.883383401939924
0.440376358385001,-0.09550130887386632,1.0,0.7345899208295297,-0.8876969984306803,0.3783564667300219,0.2392973842863893
-1.0,0.28658745125298324,-0.8861556913427875,-0.23365677239759342,1.0,0.30846402479888824,2.0120892012945495
0.09620449863703961,1.0,0.9003154794373487,1.0,-0.07697985659082918,0.9103383652306216,-4.574558053781875
1.0,1.0,1.0,0.307415444333879,1.0,-1.0,-4.164108988757489
-0.8537141194905649,-1.0,-0.1556152907805222,-0.7235995446553933,-0.027103508995929726,-1.0,4.804833574661619
-0.3255464105690134,-0.949799265234534,-0.6780146935062972,-0.8784301065354942,-0.9450073317194279,0.5992122293413719,1.7525233990291484
0.43820773697189636,0.05706379517725524,-0.7449723742513386,-0.8398177899202312,0.6794226908858134,-0.3723951095250724,-0.9441328757198783
-1.0,0.32995750096669674,-0.37818823911637367,-1.0,-0.13642087727014407,-0.5163138134546341,-1.0152317898761591
-0.7739695294375877,1.0,1.0,0.283398794070937,-0.35724702161911903,0.9986817248270838,-5.0779384296380154
-1.0,-0.567718369893254,-0.5859170781412426,-0.0022653167191065693,0.25905645691611134,0.3417501045297487,-0.08982943535967325
0.5354180064346146,1.0,0.03428076918559547,1.0,0.12002945992175984,0.35312608260760436,-0.2813829074994888
-0.02525947057689968,0.9249561558385733,1.0,0.13545866541588947,-1.0,0.10410187772945434,-3.1769659895616256
1.0,1.0,0.2931785772745102,-0.019852736060688603,-0.6831723049237977,-0.3972983111040036,2.2230840955329185
0.24878148357974295,-0.8103055136273527,-0.9313241139382847,-1.0,-1.0,-0.3405993202353712,3.01258697966529
0.19470983205780845,1.0,0.6052013326343932,1.0,0.5330016302114339,-0.3337508542639066,-2.3039230002193216
0.8460762226814182,0.25577884109656623,0.9096574852671213,0.7371344823594612,1.0,1.0,-3.6979722421991044
0.1466776951606672,1.0,1.0,1.0,0.2796478451719029,0.3229676209898156,-4.613813223411297
-1.0,-0.09954092026178141,-1.0,-0.15940374884301162,0.08114267002726205,1.0,7.341315807247757
-1.0,-0.3487816444595987,-1.0,-1.0,1.0,-0.41439239817555606,0.6713457778653484
0.13287270449487,-0.9389312847483134,-1.0,-1.0,0.04909959511421069,-1.0,2.5369615245099313
-1.0,-0.942451141550207,0.18814239325789633,-0.8562318190529336,-1.0,-0.8057615342307494,4.053859642224913
0.4962972716836477,1.0,0.6933822141962966,-0.8757051564847553,-1.0,0.23043844686637938,2.715439286432236
0.059067858959262365,-1.0,-1.0,-0.7417371776494168,-1.0,-0.09991147565392577,0.07733977482786059
-0.41688405196989187,-1.0,-0.6252441874668351,-1.0,0.5172092839613592,1.0,-1.7976123062269767
-0.05456400421292984,0.3513530972303657,-1.0,-1.0,0.6907671816439209,1.0,7.822229293535807
-0.8679360995295686,-1.0,-0.4649559011942277,-0.5734743984726888,0.5728236408585323,1.0,0.7010434173315279
-0.8169323353657618,-1.0,0.3627523002868405,-1.0,-0.9842958699941168,-0.15959963633320137,4.127125597890974
-0.01579023934634316,-0.8446513803767595,0.8796691603126661,-1.0,-1.0,-0.3917921727734264,6.466436306651899
0.6713047054201842,1.0,1.0,-0.48119350324872917,-0.40130013940173015,-1.0,-0.2533711924378823
-1.0,-0.2652493944968346,0.5161040010671645,-0.6874469091130799,-0.48164632739785396,-0.02828124103641222,-2.1769694107055937
0.9878923692698305,0.47882683928180914,0.5948258901171024,1.0,0.26020834954418737,-0.14329917035644346,-1.3185363076145502
-0.25442157144641575,-0.8960037103755076,-1.0,-0.26310090033922295,-0.792054686716362,-0.21846251889138868,-3.5252670179358994
0.9090668338768599,0.7990661348305284,0.3672165941477356,-0.1718940892122267,-0.10476252348356518,-0.29902152566259477,-0.04624373772939405
-1.0,-0.27787064678501516,-0.6713033490808118,-0.9990688863597057,-0.029696880890542537,-0.6777922564056147,1.0730576095905473
-0.2380185428470316,-0.11121742720532124,-0.12574370942501567,1.0,0.8630005268882522,0.12890601037958704,1.9264736856449916
0.18215846242618494,0.3956771838399571,0.9742238708366324,1.0,0.38247339391569535,0.3777904031532203,-2.8218353941273517
0.631710031503653,0.713374909638802,1.0,1.0,-1.0,0.9869218919587788,0.05486752586225291
0.2586189234586551,-1.0,0.8663656769359531,-0.9677041146426613,-1.0,-1.0,12.298686453844729
-0.42637272422865324,0.5871986638141633,-1.0,0.17580246848419612,1.0,1.0,10.602364189652949
-0.1907165049597488,-1.0,-1.0,-0.6228904039024328,0.4394300374592234,-0.1653347209102604,-2.888126019786047
1.0,1.0,1.0,1.0,-0.5030175067164709,-0.8366531280735915,5.300083043891435
-0.6128051032268493,0.2119254382781498,-0.7263804747633784,-0.3533946088235964,-1.0,-0.6506853781686464,-2.2532824381191223
1.0,0.7374977847518378,0.37594847444809365,0.025645944768910578,-0.2127543052348695,1.0,2.7067690719068827
0.5223880775535005,-0.3810937900616642,-1.0,0.7104839351972063,-0.6724432843609319,0.2123485228530625,1.1447824452312236
1.0,0.2670658123474212,0.11105510456083167,0.6454454161338739,0.2813721348690028,-0.6769887770804895,0.7265146204845224
1.0,1.0,0.24828010881445575,0.3818173477721917,-0.8733281832135602,0.31252504708533185,2.437127083717416
1.0,-0.8087365038762802,0.8770418044486569,0.16658575162382377,1.0,1.0,-4.6921091026493436
-0.8871142673277213,-1.0,-1.0,-1.0,-1.0,-1.0,3.839044155947379
0.753427953923155,1.0,0.8866968223136948,1.0,1.0,1.0,-6.640876946624397
1.0,1.0,1.0,0.855081686584445,-0.38019878298786935,-0.7232505224915956,2.56382391395957
-0.26823582535599605,-0.5872677903560729,-0.866327596357124,-0.9274738758569517,-1.0,-1.0,2.7827822177700536
-0.14365642631698272,0.03783174221630886,0.3454668945152286,-1.0,0.9538012097484934,-0.391244259541598,3.193632812795797
1.0,1.0,1.0,1.0,-1.0,-0.2878828152402128,5.342337789815991
-0.058653515652872246,-0.7084853801152993,-1.0,-1.0,1.0,0.058589559909102196,-2.875232766283897
-0.840190743773545,0.04911634999212333,0.40316619428548506,-0.060194489665816864,-0.29860551347996045,-0.07376314693424124,-0.09633105047085777
-1.0,-1.0,-0.7191187353742093,-1.0,1.0,0.38993528420672563,-4.59720142220165
-0.05719437375164638,-1.0,-1.0,-0.6521374616308149,0.4182502528223265,1.0,0.37238943197487134
-1.0,0.5642797688611233,0.14481790042630843,-1.0,0.3229155141677809,-0.9981070301258824,1.3231936451946782
-0.3730017245918841,-1.0,-0.4201691081595138,-0.9199585785876588,-0.11290024550430972,-0.7808423992604204,1.8666362390000641
-0.7397859151137395,-0.02836076063018189,-1.0,0.9210753328930821,0.2807935377616593,-0.3212497116431378,-0.42194190995073255
-1.0,-0.4071374237765421,-1.0,-1.0,-1.0,0.029116460302618608,-2.4091733510400943
0.8934682787086616,0.4810093990206521,-0.7652693741084221,0.6109992994687347,0.9108617373071282,0.06056785512032192,-2.6213049051333517
0.15794446699598985,-0.5975111682446399,-1.0,-1.0,0.8759458174826849,1.0,2.687859976707563
0.0909039914568719,0.2703316586317559,0.48447548927146966,0.2530459804853554,-1.0,-0.9087054505684207,1.4059817584679064
1.0,1.0,0.17425941694085517,1.0,-0.7356331000286187,-1.0,9.994129393965974
-0.6818178723651529,-0.3954203575916831,-0.11462749576674225,0.3721417558014712,-1.0,-0.5780743158140788,-1.2778608431566338
-0.7455251255589264,-1.0,0.8025834574735039,-1.0,0.8190998852535847,0.5912476492256888,-1.457942375297549
-1.0,-0.15246804851992235,-0.36517128494809525,-1.0,1.0,0.09402026333721514,4.323387928947825
0.11221464368744272,0.4588925749631261,0.10267049119490013,-0.9769307829670841,1.0,1.0,4.927192712368068
0.13543448044071016,-0.6246263119641534,0.7281496702901966,-0.5343575364014288,0.3488215092819633,-1.0,4.158636947736845
0.02629310840419996,0.11684971027056384,1.0,1.0,-0.43443163001265694,-1.0,0.8965075996762771
0.07896233138089237,0.7749586169496219,1.0,0.06506312854988217,0.6217895263126395,-0.8170677904348297,-0.9238906039182162
0.8082077758117772,0.758871456670581,0.778387224756357,1.0,-1.0,-0.9705988417098348,8.81673803161384
1.0,0.9188855218113731,1.0,0.4071667825627938,-0.470797461425562,-0.5922827641233479,1.3288827792683868
-0.5176874207329403,0.33070877553039907,1.0,0.7097759492755535,1.0,0.1147412284924052,-0.8273009456767455
-0.3150616481478212,-0.7898950711306552,-0.10277251387088651,-1.0,0.9675078056101631,-0.3296111257586728,3.3691865037112882
1.0,0.5918110207165339,1.0,1.0,-1.0,0.5505264507836066,2.5763297311328945
-0.14756161187922567,1.0,-0.5844738112054964,0.9609050534130285,0.593284347213498,0.5889018098965196,2.06797275178322
-0.4209573407910574,-1.0,-0.016864266517669646,0.5320385312967766,-0.5759353017293056,-1.0,2.11709511096894
-0.0004619867325770244,-0.8018049606525512,-0.34487992855150923,1.0,-0.2944530879793916,-0.6774369158372642,-0.1687987396318476
1.0,0.6890099791343371,0.19695345928283392,1.0,-0.8100319632642129,0.3468317223235554,2.6098078032572944
-0.2720145210414886,-0.4011333812991191,-0.7003422893292928,0.6781308371669403,-0.5059773631654239,0.16504396852897918,-2.003063110433187
0.9863388762514307,0.30736332994436366,-0.07694927569467558,0.6855297565193395,0.6719672487365184,1.0,1.3950413567680278
-0.719891629991247,0.029623257112911583,-1.0,-0.06594194651626217,0.45545513007125016,0.15985250118356786,0.5778053958981919
-0.23690185967219796,0.8547548065051004,0.0691908416207806,-0.4550647501991257,1.0,1.0,7.129044355981403
-0.8135003710285524,-0.7999402422093249,-1.0,-0.5951625433556049,-0.1819440379388988,-0.563124728768214,-1.2612962038373372
0.726273651639264,0.4056087046008867,-0.07692929729105014,1.0,-0.3038459378646813,-1.0,5.659072195388412
0.6808596539449421,-0.618837176986268,0.14533792011434638,0.7251607792925696,-0.19572011230316239,-0.5813407363906474,2.7586895308005626
0.4348898056359638,0.1287581408457541,1.0,0.8034823809197063,0.8414457130627144,-0.314534268352942,-1.7962303678805238
0.7199639418651755,0.3896225407620082,-1.0,-0.7742343763717295,-1.0,-1.0,1.842973454731298
0.9414190744156252,-0.2697104951194072,0.04695096212708358,0.43213035145687856,-0.9621307107257973,-0.8189630258446676,6.485919447848507
1.0,0.9980798144250514,1.0,0.5527302013372936,0.07940383387002592,-0.06399771246445529,-1.3708858193145583
-1.0,-0.2958535076936495,-0.2903623427654436,-0.3371956957226019,1.0,-0.04615905625233008,2.190355794798982
1.0,1.0,1.0,0.23802319733949628,0.47803762620645834,0.23728347194988303,-4.005143774277185
0.28214473473070656,-0.6947336527185299,0.3225065953000892,-0.6942386570553964,-0.7196023869327046,0.7802279629101436,2.499358506529707
0.26440916847695417,1.0,0.96731466177362,0.7141835503181058,-1.0,-1.0,0.6166514770032879
0.2644464251450789,1.0,-0.5713128992575325,0.21325759404249112,1.0,-0.09520013708073191,1.3537832600787754
1.0,1.0,0.3796162885603154,1.0,0.005947982791945999,0.8001150196926594,0.4790513312242558
0.0052842985837377315,-1.0,-0.8579385071745905,0.2700913261889824,0.0006363576738654952,0.7200857266324932,-0.16821212673888725
-0.15143059598052866,1.0,1.0,-0.15197350876560584,1.0,1.0,-0.786947703430187
-0.43437083848091584,0.02860620002175923,-0.36775013967215653,-0.2507702009063384,-0.2592193900617563,-1.0,1.1806800705062759
-1.0,-0.8761815000935379,-0.20464876337547677,-0.7787345343599645,-0.5478025637213796,-1.0,2.9608676976643094
-0.6990439133835595,0.3357960632111597,0.5688508377487569,-0.5359992699409348,-1.0,-0.8213241097485142,-2.0166113268254797
0.10627774078209695,1.0,1.0,0.09540797113179678,0.31895680596483866,0.34413140949297283,-2.8023672724021575
0.6383092115841651,-0.16395132713912497,1.0,0.001182711898888411,-0.8701584252051604,0.23219269284426713,1.3545152189449459
0.9845581493391466,0.21170149918698478,0.8801862318262628,1.0,0.1415209863935427,0.5794318915570731,-2.5893489853377325
-0.30917090519091356,0.30862954114856656,0.8503640803343495,-0.964374954140932,-0.027882836039417824,-0.816287081014221,-0.3098264142601993
0.9132928325831459,-0.6089815052026339,-0.9196055911927566,-0.34941320679895777,1.0,-1.0,-2.9752079584526365
-1.0,-1.0,-1.0,-1.0,-0.3336838000330815,-1.0,3.008637880157957
1.0,0.4346816080727378,1.0,0.2523996378515063,1.0,-0.6099348433480584,-3.245234568261285
-1.0,0.816320009083561,-1.0,-0.5778109405475558,-1.0,-0.33382402125255933,-0.4897246905081467
-1.0,0.8173293932809768,0.4075738865904719,0.1616366075713222,1.0,0.10720893161847234,1.9404914663760962
-1.0,-0.4314389063435873,-0.2923137990789199,-1.0,1.0,1.0,5.39525167235155
-0.8627611537475004,-0.18522422079382617,-0.8601400294163934,-0.40554996790654296,0.6824739156497056,0.09227167705087946,0.3938468451208459
-1.0,-1.0,-1.0,-0.9232403189712193,-0.25955524422376264,0.3883656080138762,-5.835606634158659
-1.0,-0.35335860840710065,0.04841381190317526,-0.7601744561670911,-0.08351968157932599,0.29719464557579905,-0.6188413082474835
-0.13277333366890653,-1.0,0.7412605406863975,-0.3482433211972249,-0.7549994391081174,-0.612891414259375,4.275983228195895
-1.0,-1.0,-0.49120987507495406,-1.0,0.03330213303972407,0.033007474992374275,-2.7050162174403236
-1.0,-0.4928555142461293,-1.0,-0.2374122793069391,0.4234574309327235,0.6615499700486316,2.482369121029799
-0.17341595671573362,-1.0,-1.0,-0.303990224058343,-0.5764215153250315,0.4549596357103046,-1.9054271097086928
-0.9501156145404192,-0.7138358243986502,-0.91592568607254,-1.0,-0.4686605605639348,-0.23698327965082644,-2.0420678787298936
0.6043321647668396,1.0,0.26463447858408307,0.7728679695614655,1.0,1.0,0.7681861817225679
0.04665830671830151,0.3936227112432302,-0.41639913903466275,1.0,1.0,0.1628709154337502,0.07666050028790378
0.3363185352475641,-0.22093193676150202,-0.3980554689563611,0.27872271109595514,-1.0,-0.02045879944645823,0.6885919074848574
-0.22635604969427578,0.22263100773837774,-0.4173730669235327,-1.0,0.012737921996700347,1.0,4.681287132103079
-0.7305156449399185,-0.09145395852881744,-0.411000817948977,-0.9388105693245159,0.13046362265201483,1.0,2.79811643373983
1.0,1.0,0.9290226055339388,0.7874996665462208,0.47131262516103134,1.0,-6.514602971159325
0.04633293316345473,1.0,-1.0,0.6469270308085735,0.254486281780909,-0.2066139885752366,1.0735033603697208
0.6445551073695686,1.0,0.7150345158303602,1.0,-0.2962186860812722,0.03781777685002374,-0.755867972310974
1.0,0.88839567071644,0.7323122403598504,1.0,-0.5366607301697415,0.8246509008757339,0.5595589205233915
0.6702967538909408,0.5040584911405324,0.11212580918621033,1.0,1.0,-0.7496277662851546,0.13003144587799473
-0.7466249222990372,1.0,-0.9037763087929322,0.039182669657958635,-0.648437891591189,-0.011288273068495447,1.5507615824422123
-0.11418480647780488,0.3285747268533561,0.45156317091131015,0.09600849732417283,-0.8436933466540355,-0.2792205737172986,-0.17128715721097879
-1.0,-1.0,-0.4979511010517852,-0.5821706187657545,-0.6173175461426752,1.0,-2.128459157767861
-0.5941828891387648,0.34464962058955595,-0.45148702596255763,0.250342211325717,-0.031099678595335356,1.0,3.633564795746589
0.49760092342650203,-0.6713015580675432,1.0,0.12702963231889364,0.26559395484097337,-0.7610349024273145,2.555243292200166
-0.22926699061917405,-0.19702556938297033,-1.0,0.7681441951041023,1.0,0.5037398302390887,1.5002585280753862
0.30398112617475226,0.5289903805787808,0.25626866182974584,0.6150506395581548,0.08051808147664763,0.883357010256025,2.0269558272672583
0.8120739606212672,0.23721920987710554,0.5707106213695792,0.8381535543690638,-0.2100951219820193,-0.9581986964463188,5.248234191949152
1.0,0.3749554487459992,-0.5001952353838862,-1.0,0.6399007454948644,0.6802430152862085,0.41035908699294454
0.43267302662269874,-0.3424560237704546,-0.5250690744022132,-0.8401458645352311,0.09632646848288712,0.46438079482655437,0.7350592477755263
1.0,-0.36234872273560254,0.7586291625926169,0.18194084332806781,0.3935254338663241,0.8507932748526169,-2.6993510745519687
-1.0,-0.15613362607678072,-1.0,0.02515808937188612,0.05134271692296699,0.2575572084622292,0.11486593227025488
1.0,1.0,1.0,1.0,0.17370025466370043,-0.7634072547581092,-1.0071328591132067
0.3077300109844754,0.44563308767676996,-0.10812437214103576,-0.7526597845692713,1.0,-0.4163586726838275,0.7101607377701685
1.0,1.0,-0.05529309229959706,-0.4140808377259075,-0.5895563020224328,-1.0,4.810424184298899
-0.28962800083428963,-0.31058735629523043,-1.0,1.0,0.7102658540686757,1.0,7.251675354768276
1.0,0.31483419642430466,0.15273785859943634,1.0,0.7525554099112978,-0.35320345029192945,-0.5841495220218333
0.34987690850299547,0.6861685966845921,-0.2666928383096432,-0.03448899062913205,-1.0,-0.5402982769061182,0.7211353286860129
1.0,1.0,-0.038874252044313995,1.0,0.6988184311774859,0.0628037747118233,-1.1279390081438712
0.12002977701996631,0.4361241169065484,1.0,-0.5188098743286021,0.22012944379978072,1.0,-0.19678004464078547
0.18990253506595622,0.5643812132925241,-0.4813126279712763,-0.5728347857942043,1.0,0.6663437452458636,3.296462827786092
-1.0,-1.0,1.0,-0.7324019451554664,-0.5151483876974305,0.525184813709518,-2.618619888472618
1.0,1.0,0.3856867527679657,1.0,0.1488326028920277,-0.31053304803974857,0.10567125662022342
0.42787729950685094,-0.03640094278972145,-0.6527138477046495,-0.9783379434491151,-0.22352949187425414,-0.6542400499130887,0.8276845745507446
1.0,1.0,0.6652552116681938,-0.6317535385247744,0.08934738784119722,-0.2315433011067327,-2.033146991797838
1.0,-0.2649176933610553,1.0,1.0,-1.0,0.25054375345275814,3.5365830269236267
0.10430136865075368,1.0,0.5858667977195453,1.0,0.3541961526418407,0.7158693552278983,-2.6901026487584474
-1.0,-0.3716324770704321,-0.702518610696163,-1.0,-1.0,-1.0,1.4082287308748134
0.7932386245539469,0.215328796777291,0.03848772049210214,-1.0,-0.20985738854295188,-0.9130942273998812,3.7991998339043533
0.5184974717237283,0.9745992335245031,1.0,-0.43900281890964477,-0.3753023021945563,0.37862385982834634,-2.2282976845387554
0.021402303121443866,-0.30251121909872225,1.0,1.0,-0.08737323628185183,0.4565959636897435,-0.9394316989987685
-1.0,0.37120548062976577,0.1634059986890276,0.6411553577832322,1.0,-0.5348038377280353,3.445129226265778
-0.3565123086908675,0.07401994349118846,0.912623047517625,1.0,-0.3699800665844163,-0.3816720514345391,-1.5067047749717943
-0.8386828692152974,-0.20073813666813067,1.0,-0.20198840172315907,1.0,1.0,-2.359821005025627
0.9385980182722139,0.4312983359333318,-0.5270508281749315,1.0,1.0,0.5980095452646967,-3.4089792621746455
-1.0,-0.6490624292391212,-0.025288223263432608,-1.0,0.34737033177544874,-1.0,6.503128651320098
0.1679397917298226,1.0,0.7103030770002257,-0.38932628763054605,-1.0,-1.0,-1.7895296271281258
1.0,1.0,1.0,-1.0,1.0,0.7226995850990499,-1.504465612633845
-0.8011791026710464,-0.42532926726408693,-0.26244329711269976,-0.4096370279244397,0.07934876119181561,0.3028653088608219,-0.24810616503550495
-0.6472663124078335,-0.7376166163388316,0.5462190717368269,-0.8845638679490943,-0.24179388022709286,-1.0,5.028872258211846
0.06985717829960389,-0.7270281519435983,0.5613603229645572,-0.4991770075610298,-0.8216191919833293,-0.8639368882801138,4.752267113488962
-0.14345821796321656,-0.2463691254385266,-0.9961948952164467,-0.05759217945220785,-0.14684480153341783,-1.0,3.8503793898009038
1.0,-0.952391961537266,0.9730508411905646,0.7628030745016907,0.06687833533846821,1.0,1.408126734802186
-0.014778522462562615,-1.0,-1.0,0.43025282726843994,-0.4220623351548023,0.33974259493365755,-1.5255120879313246
-1.0,-0.5552749902186304,-0.29016920638150423,0.8315855717991167,0.4139019712877561,-0.21652252109280778,1.317917616764364
-0.5842884374895541,0.27997148751028467,0.9885942406074837,0.053102356438146314,-1.0,-1.0,-2.061793788372168
0.8305849853678056,1.0,-0.4855530287661395,0.6839991437627014,0.42661591206839933,-0.19864572180201145,1.3666801364008059
0.3435690482242817,1.0,0.32668939872250047,0.6253517544144687,0.0913601867853863,0.49480166930847547,-1.1865700411865214
-1.0,-0.13284281423588884,-1.0,-1.0,0.2863692830445602,-0.8799653892460169,3.7173587931235113
-0.03297965278359219,-0.4031860285379163,0.25709708579346024,-0.08282137711324916,0.0024256634542361155,0.5812462951908262,0.5707435779507674
-1.0,0.7095994854946599,-0.5868103724485915,0.34337117902157566,0.25528103777614275,0.6761889324767553,3.7438423707673865
0.9245693020962662,0.940072403379165,0.6447933872821643,0.35988277686070613,0.34216205336079536,1.0,-2.50710063513538
-0.3040533869135412,0.43499810021526386,1.0,-0.9577707713357033,0.5789876994530496,0.25658159243608325,-0.6494492328338488
-1.0,0.2527680728609394,-1.0,-0.11238434221686555,-0.662533017679925,0.6297783160249426,1.5301291066328262
-0.26841967625307145,0.29570938962980364,-0.6661388099026745,-0.8439073699734568,-0.9420846390014266,-1.0,-0.25350348377367615
-1.0,-0.8608596944669833,-0.4500305054357572,-1.0,0.0017918368343318725,-0.07745266179823831,-1.7131510874742217
-0.010838575570110559,1.0,0.20789406410194838,-0.23151410662000732,0.009345056083155584,0.4231455670172386,0.21497315257287597
0.9404130845576806,0.7940182534463263,-0.6296100397068208,1.0,-1.0,1.0,9.62434846804564
0.2552486459287912,0.5898000773175401,0.5435049685832187,-0.4598169098558147,0.7535501752917432,-0.13679618988135772,-0.5991304781690142
-1.0,-1.0,0.3850167748169935,-1.0,-1.0,-0.47448196004877086,5.756363424973034
0.5549346159149893,0.6489840253604001,0.4817466013016692,0.05992522997929617,0.8138460068221911,0.6007609042174724,0.05360933003207402
-1.0,-0.5569500699391448,-0.5631971215480414,-0.7261580049897445,0.3948729037917496,0.2344189282950327,-0.33221900603305954
-0.6589505167244674,-0.5839922540515052,0.0659878059708634,0.6154292558692045,-0.6709902917969597,-1.0,0.8735647102383608
-1.0,0.0714668911508578,-1.0,-0.663273573157014,0.2885200296659267,1.0,8.566539424334495
0.6458377392292383,0.7026030194511287,-0.8281846443461507,-0.633427003491161,0.6589215594840923,-0.5800663878660683,-1.9180220910934414
-1.0,-0.8009408161521097,-0.7119053402490088,-1.0,-0.21068591988853697,1.0,-0.5530584223950432
0.743656677248683,-0.7465267157579091,0.5698767514358912,-0.5647923656982298,0.23675771119250155,0.8299963133694749,-1.6865276295954914
0.8673906386575706,1.0,0.9604665939179751,1.0,-0.418583248891858,-0.5194425467978713,2.201396234803437
0.5191319871420729,-0.6055585029515627,-0.0074190865347039114,-1.0,-0.4992980421809132,0.1075666311965901,1.57360205069544
1.0,0.8607480808718311,0.6601371763339678,0.3544911996271949,-0.6475878115223656,-0.263008118499898,2.598048684957307
0.19904869414400983,0.592796842290384,0.019006003121391668,0.4824137525729534,0.7279420433153813,0.18877798573412785,0.3283925886548831
1.0,0.7653780159473447,1.0,0.9908310341008635,1.0,1.0,-7.751914244896975
-0.1868762715897826,-1.0,0.5539370345416734,-1.0,-0.45257208522466585,-0.8821476309988251,7.357328664741992
0.07856937433300637,0.8617457258834148,1.0,1.0,-0.6153139831667922,-1.0,2.4346594885990105
-0.7272051876910176,0.36426327685656257,0.21340876547954724,0.025939436000885382,0.6737898908836057,0.04238897703102745,0.5946771327896806
-0.8350722721198951,-0.2641345015298511,0.6207059134936653,-1.0,0.2967843758341346,0.43558399561416156,-1.512620112241441
0.32483327607120027,-0.39695522006646544,1.0,1.0,0.1567938719959472,1.0,-2.030799733476111
-1.0,-0.21171456578130066,-0.576135067451943,-1.0,0.8791313284851013,0.5414945152251294,3.2559873296859996
0.3663861380337414,-0.8973352429883354,0.44938595964462363,-1.0,-1.0,0.35102329978642643,5.469947967433502
-0.7682819361356388,-0.3299165653905416,-0.22502064885801654,-1.0,-1.0,-0.0020151897365073834,0.9603805301836625
-0.04863054746085599,0.01092704235553843,1.0,0.5976720329310801,1.0,-0.1656147376726675,-0.4035240109891107
-0.015994646780214783,-0.031068144847502893,1.0,-1.0,-0.5168547541091129,0.9019676916839993,-1.326713281687924
-0.1562374699984841,1.0,0.7961807651872504,1.0,-0.043785914157554104,-0.36852270958200956,-2.615450325137133
-0.7333820662426828,-1.0,-1.0,-0.7966906481851792,0.5605998003307475,1.0,0.6291415724625785
0.33135578780680836,-0.1579529123712473,-0.5883613696326171,1.0,-1.0,0.7590891640851174,3.136561869322762
-0.30571309525914625,-0.03277094804543046,0.23784242754901408,0.49871941384857843,-0.5989488563417119,-1.0,1.0573914402125921
-0.14872359685739187,1.0,1.0,0.4167856612862878,0.7935802077390421,0.014892701909951456,-3.5770581936912333
-1.0,-1.0,-0.16434027527110362,-1.0,-0.46981955042669854,-1.0,3.9534723696712195
0.31771273955551427,0.8527078277741074,0.40069829862451944,-0.858557070110472,0.7923972760436926,-0.3666202393469026,-0.08582326997167422
-0.5638097425833746,1.0,0.39735088349800163,-0.42039526386047843,0.9889933635357545,0.5731284561409256,2.1967874507598086
0.7646400392899291,0.39873925328245446,-0.27804290774395546,-0.688060324611205,-0.07507972582364708,-0.44997344989162935,-0.04482794611937019
-0.9679109150247185,-0.4065221341002619,-0.7855000453289389,0.8064509079278493,0.40910997043975217,0.5836211361943191,0.24184712925654517
-0.5826892035727016,-1.0,-1.0,-0.21408912110391287,-0.21289374053774365,0.2930090671458452,-3.1083284326132268
0.9081818363884618,0.36704665686567056,1.0,-0.35961770625423517,0.7896470004031464,0.8266336097735729,-3.7251034929237856
1.0,1.0,1.0,1.0,-0.49303640847581376,0.0002763407181843869,1.7429321887256966
-0.9287416901798022,-1.0,-0.22732513558391504,0.08139522384529307,-0.5484627379890736,-1.0,1.883336701680718
-0.4183150603664234,1.0,-1.0,0.5306438404530367,-1.0,-1.0,5.03385736728572
0.7407110598844747,0.02736754144667547,0.9334276232565988,-0.14998207257565932,-1.0,-0.6110180168136647,3.8296515306593246
-0.7965458968894261,0.04098323501877754,-1.0,-0.7831673857284691,-1.0,-0.6096666881629187,-1.9514075107355278
-0.08477460804124104,0.13191993706668054,-0.6133536867536293,-0.1463853146766681,-0.8791424794638372,-0.6957400767461309,0.031805477841061414
0.13330606295727065,-0.3876620787355984,1.0,1.0,0.17898631966854683,-0.3463637102453219,-0.03254775033274815
0.3321199403502113,0.3548616307391856,0.4235249508452145,-0.6217755093615627,1.0,0.23487873679233262,0.5139882143605506
-0.9187115806280512,-1.0,-1.0,-0.43831182701254306,-0.6256252364761477,-1.0,2.293682207195855
-1.0,-0.13085145076080096,-0.14034395629237395,-0.6581663689815842,0.2045770923460839,0.6421271568294447,1.2433886922045125
1.0,1.0,1.0,-0.1680783238865683,0.7977274265353642,1.0,-4.304722249176046
0.8460181291943122,-1.0,-0.28916506359262484,-0.2913883077145829,0.649745209494068,-0.35535044666210314,-0.8337329804764488
0.57607032375061,0.4824022913097012,-1.0,-0.18208379664341612,1.0,1.0,4.186392183305276
1.0,0.4646858124480392,0.48643588920796954,1.0,-1.0,-1.0,10.186501373017554
1.0,0.597703025400091,0.8607042131063465,1.0,-1.0,-1.0,8.56651865659459
-1.0,-0.76632823050986,-0.4413914068733349,-0.7893972012131971,-0.3621318339246282,0.16649339159867438,-3.150533942424315
-1.0,-0.32520095182417075,-1.0,-0.13575131040702648,-0.5032529862126203,0.7724491950813472,2.4232554433843716
-0.1337294859452167,1.0,0.5144378851013315,1.0,-0.2398549886109379,-1.0,2.5328671733504304
0.20273769818921705,1.0,0.4655125809913405,0.1255861239407352,-0.6944096503189646,0.9758521944505772,1.6045037760335092
-1.0,-0.6707109558029904,-1.0,0.9172267741819929,-0.641988503678524,0.9770558566644689,2.7059074609291325
0.6708673028475078,0.7123003474245623,0.7473388412270385,0.12456755052224709,0.059062715342988154,0.24479042204745233,-1.529126788736196
1.0,1.0,-0.5245430419261861,-0.28215492806559345,0.7046344454280782,0.3472056937643049,1.3395752361387714
0.477558250879991,-0.7072939244867613,-1.0,-0.4776202490677675,0.920816042175084,-0.24467050510665864,-1.5851613429293714
-0.23811708048740465,-1.0,-0.3255077181786361,-0.021336193335946607,0.854144993981822,0.8016522989979173,1.1289735111676202
-0.5025505042918981,0.6172229818308108,0.471759425651723,1.0,-0.11987095172729323,-0.19331758149294037,-0.8863630857053971
0.7288268814769958,1.0,0.5021769304089965,0.4491179804983596,0.7950599803625127,0.6430955103071503,-2.6634084898123005
0.08339809135790777,1.0,1.0,0.7876976653376411,-0.38194528675746586,-1.0,1.1035408030965266
0.2184957550306572,1.0,0.3630059986829839,0.8344782336953687,-0.04650062184535314,0.8424261669047346,-0.18661566669290636
1.0,0.051472634993761535,-0.18973556959297622,1.0,0.6718044404442934,0.4202946558187606,-1.9876831885759982
-0.9960729563156486,-0.048480119688022294,0.775843658289313,1.0,0.4407183588899568,-0.1482165753828712,-0.09456404443840494
-0.7690004093099829,1.0,-0.2771721641702315,-1.0,1.0,1.0,10.105165246284873
1.0,-0.05249154264259994,-0.12995200202268897,0.0362808703387717,-0.7767336931277447,1.0,6.222854930957913
1.0,1.0,1.0,1.0,-0.4631375844528972,0.2610887762826378,0.6892510010142061
-0.311541169462056,0.09780210864403138,-1.0,-0.2832299382085628,0.8937587502587185,0.3825261016387884,0.4580290184773148
-1.0,-1.0,-1.0,-0.08388963370829416,0.5005368663324258,1.0,2.7132505974215673
0.20886039893205255,0.7035837891584269,0.7413550373906991,0.41091089027503974,0.8727058792527114,0.8792571693408299,0.02290759652809768
0.8013348062609025,-1.0,-0.8473953519712965,-1.0,-1.0,1.0,12.114480637627231
0.14879821146686023,1.0,0.6690044011357679,1.0,0.08637543118797725,-0.0023120517733198898,-2.918444368000557
1.0,0.3056664044161592,0.7845407137077038,1.0,0.13451654908271016,0.22169350597675125,-1.8153023902205354
1.0,0.9462316252138938,0.7171909756871122,1.0,-0.663752951885209,0.13192858962967313,3.5494144880687752
-1.0,-0.7245780734201208,-0.1514510680578408,-0.3510746894185248,0.0005624916873438468,1.0,-0.8783161563669135
-0.5328809027798167,-0.5160963902941365,-0.22391635927262832,-0.04719114457280149,-0.04039579760321799,-0.49348730355256976,0.2752701668765299
-0.8509721117850324,-1.0,0.30601323410177117,-0.22590872286958286,-1.0,-0.3368017862487711,1.2622069550391313
0.06428456102273294,0.3367789129075043,1.0,0.9958404200404856,-1.0,-0.857407153450194,1.247873508957606
-1.0,-0.11163437311471258,0.315284607812964,-1.0,-0.19362569790800765,-1.0,3.1176287038471795
-0.7629185955929967,-0.41672042683869837,-1.0,-1.0,0.36894598738319506,-0.18966168531276534,-2.2766551789156515
-1.0,-0.2374994019230181,-1.0,-1.0,0.27690110597909456,-0.19889529000840533,-0.7398223529168311
0.8285416690651929,-0.7382575856021882,1.0,0.6488917713445657,0.23553224857907817,-0.8082027736759444,1.5705856217372165
-1.0,-1.0,-0.33420870129135183,-0.2636104248874598,0.4230982589773831,-1.0,5.339365365012388
0.5317909833854222,1.0,0.20546871659039923,1.0,0.3615172437734304,-0.7626196889196762,0.9011559328912025
-1.0,-1.0,-1.0,-0.2792909593306465,-1.0,-1.0,1.457288278649596
-0.681578875960584,-1.0,0.9747793955151941,0.24449198565154062,-1.0,0.15322053531103924,-0.385424876931007
-1.0,-1.0,1.0,-1.0,1.0,1.0,-3.1032125004874254
1.0,0.4464270490435733,-0.15003612502993002,0.6053009701077892,-0.9354823542622911,-1.0,6.233004521860897
-1.0,-0.6227159867632739,0.004112086539256321,-1.0,0.346315442208595,0.7142401931745327,-1.2230512058756644
0.609179120580543,0.769496761397804,1.0,-0.7231678699173585,-0.2958627162895716,-0.40628172631871967,-0.33062254797397234
0.7434497329415342,0.7762410268518601,0.24645631874080515,1.0,1.0,1.0,1.1990444934476234
-1.0,-0.7166894473652456,-0.23713501243042595,-0.24321947648108133,0.47352499622986866,0.19706487465654737,0.3421824504280197
1.0,1.0,1.0,1.0,-1.0,-1.0,9.347954259765853
-0.21321423386178828,0.475343089174203,0.30152967092952626,0.2546192074804897,-0.8764246534691293,-0.3939133069389187,-1.2270790511530505
-0.6800595521070262,-0.9926031391764645,-0.0708957412960125,-0.09933458390453143,-1.0,-1.0,2.1970067410368097
-0.8846963616271294,-0.5597282243526178,-0.5899624788175778,0.5335582341424286,-1.0,-0.15764959553914792,-2.857870430326537
-1.0,-1.0,-0.5401712653200117,-1.0,0.024588851397434247,-0.4870361883687048,-1.5829237526849156
-0.2585668345496588,-0.608354252995005,1.0,0.7366818564905032,-1.0,-0.9628691413295454,-0.6572189564851131
0.5768022024880064,-0.2953012085534367,-1.0,-0.456145966766091,-0.0474431818599832,-1.0,3.607290466279996
0.05816773454571772,0.039722390286858755,-0.12701311523074477,-0.5598168211895823,1.0,-0.05623565300871647,0.97316201963351
-1.0,-1.0,-1.0,-1.0,-0.7760963920109896,-0.09773377779958858,-4.710527125601513
-0.4960886011510891,-0.11425765120390219,-0.13124828545604833,-0.09410544916090952,-0.45735943043571625,-0.7615709026691715,-0.4072944478548782
0.5379933490919812,1.0,1.0,0.5405782480620895,-1.0,-0.6681128583876783,0.35406741260548774
1.0,0.6339149011867344,1.0,0.758634208552897,0.893699602502183,-1.0,-2.5686678323919767
0.7699107858505005,1.0,0.46816857271917495,-1.0,0.9812704545609425,1.0,4.27139922852155
0.8023291767593872,0.35960266323710394,-0.8240952063820647,1.0,-1.0,-0.6339053434820473,3.597853615179057
-1.0,-1.0,-1.0,-0.005641792019010161,1.0,0.6357310338517639,-1.0397000718465539
0.5204138121269128,1.0,1.0,0.17645465729730225,-0.9249521258216292,-0.5666025962517874,-1.7369773475661108
0.4243310914035928,0.7669465286333073,-0.8808939311760844,0.08638982230780579,-0.7461149514407299,-0.5524645167217819,1.4905058601066685
-0.5246330146646571,-0.6583858975365082,0.1476316185956086,-0.4015915253455994,-0.459026978049466,0.05445767561865439,-0.5184222531145675
-1.0,-0.9629476735915353,-0.7812909071037403,0.014015888437593882,-0.617450702167309,0.8120560534610395,-1.7100939698871636
0.7878027137617896,1.0,0.9032342694413322,1.0,-0.47175269858932656,-0.9892934328400147,4.113924975680838
0.2043454449977025,1.0,-0.4735425470762599,-0.2156193754450061,0.24065187521108963,0.40135280515435057,2.702267517725941
1.0,-0.5389046412681151,-0.12308207261274158,-0.016067018769020537,-1.0,-1.0,7.319603779579324
-1.0,-1.0,-0.12110116228820478,-1.0,-0.30867197015734893,-1.0,3.529097411251214
0.8296427297658064,1.0,1.0,1.0,0.40737192333788963,0.4760298205410354,-6.005198971327031
-0.13726489343684856,1.0,0.5490937380492572,-0.5509752773505042,1.0,-0.8050178395847727,1.3427702761791431
1.0,0.1747743340552877,1.0,0.35391218359547816,-0.25750587727717134,-1.0,4.3866118857905025
-1.0,-0.7548517172059599,-0.2106202804444708,-0.19713402369265998,0.18838436479224852,-0.25208823545382913,1.03848889008446
-0.0752995775680122,0.4331128733859769,-0.23021356589842557,1.0,0.14824912628788778,-0.07036121777044091,-0.15494233053855921
-0.4190917894554378,-1.0,-0.9986214974699237,-0.6847232186087553,-0.11942403125566114,-0.5865353485238458,-2.4678101746676475
-0.5073085416472691,-0.41215600136428854,-0.2805367154834836,-0.4937982852266053,0.08953199360094288,1.0,2.8614689744989175
1.0,1.0,0.08379474756999294,1.0,0.9033514773006052,-0.19283672532298346,-2.13588183127962
-0.7382188111040324,0.16073700196441287,-1.0,-0.0216401482240991,1.0,0.6917748468079341,3.425193081270738
-0.6673945952447458,0.32156153065514703,-0.7880152992703775,0.3791220599849818,0.2904608184477571,-0.7811296904128465,2.5891112493887714
-0.8430844962002872,-0.8134044586858429,-0.04377678250822811,-0.0045552960948790355,0.7147701026224019,0.07468959578714474,1.4545511976493521
1.0,1.0,0.9109178432447675,0.8110436345425842,1.0,-0.29592961514253313,-5.210290987659153
0.3401206801531955,1.0,1.0,0.807003706407567,-0.07089876372052117,-1.0,0.2702444256661153
0.3484751664056587,0.12910362249282648,1.0,1.0,1.0,-1.0,-2.859899754003613
-0.11170877450356076,-0.2402888968947956,-1.0,-1.0,1.0,0.8070707219391442,3.3275667102450375
0.5350182071936225,0.10496520304066564,1.0,0.19621135738582973,-0.020359333824926683,0.1988747364828401,-0.8326845448281943
0.6025641773436909,1.0,0.42047229510665374,-0.6362340401230948,-1.0,-0.7384207633962905,2.772546147122075
0.6550603116838672,1.0,-0.9815408139558128,0.7342679180490097,0.009766143088814516,0.42822422537785076,2.1646793906386064
0.250882956582111,0.5247447082500101,-0.30904962906309646,1.0,0.39652118289339616,-1.0,2.9918631473002466
-0.15488584585954057,-1.0,-1.0,-1.0,1.0,-0.21055816519097934,-4.605649352193381
0.7552036513268331,0.15376217690856886,0.24233369863285725,0.09909680465997095,0.8177686625590752,0.36257828333268005,-1.788203858086803
-1.0,0.7690305715109077,-0.2816117103775304,-0.7685426137459509,-0.20395652994687855,-0.35895982763495693,-0.9463737502335055
0.5929918382649119,-0.7386916677323916,-0.390522704589118,0.1469254251157241,-1.0,-1.0,4.893008651334082
-1.0,-1.0,-1.0,-0.5219228343665181,-0.10385765315731195,0.6801485270222982,-3.3836566517035154
0.9561512351876579,0.07787366261564488,-1.0,-0.35401813798685233,-0.7130774071463069,-0.06975690436307658,2.9018850346151805
1.0,0.8135611192746302,0.09034745219060134,-0.5706448087336022,-0.711107392920591,0.103818915194275,2.1926881278757997
0.8241425758987766,0.07038795375193807,1.0,0.5631345898364717,0.37839631718705513,1.0,-3.4394154003043167
0.5640415962892623,-0.2614628715545279,-0.482968596252908,0.07173243263209521,-1.0,-0.32287645721873837,1.9601003347176271
0.6439422777647766,-0.5113861777008948,0.11270031092416816,-0.1392237054893204,0.3766370540424149,0.8836754917040257,0.28318764834468746
1.0,0.10702793981724068,0.2381956374986518,1.0,-1.0,-0.9123796317615125,7.788332280421684
0.4825467834211536,-0.11607186192075347,-0.054352883734070434,1.0,-1.0,-1.0,5.6444813576744375
0.672659118512636,0.5730264172371253,0.6107228685438668,1.0,-1.0,0.648972661306641,2.9605178839236697
1.0,-0.28940506673830535,0.3945733772714509,-0.03410037322512838,0.7630192189204246,1.0,-1.3269812223525144
-0.47241232962954355,1.0,-0.12633221210558937,0.5058230913574344,0.4543293338047987,1.0,4.846506804073052
1.0,1.0,1.0,0.5295049870452093,1.0,1.0,-6.718324080000369
-1.0,-1.0,-0.02348934989780771,-1.0,-0.8839149332095203,-0.1702917795352324,1.0274626290074718
1.0,1.0,-1.0,0.6076964452465331,-1.0,0.04011233915751,6.696836840983446
0.09771994826402286,0.054273586673228236,-0.3418141470513829,-1.0,-0.43286934920279996,-0.06638488530351339,0.48744631358364404
0.7458706836956484,0.3807547620112648,0.5176319767870361,1.0,0.07725086628811217,1.0,1.0519214959298402
1.0,0.9517915911591356,0.3293011819244933,1.0,1.0,0.1555570697315528,-3.4563906384538248
0.09205026848754572,-0.19608202808625114,0.7969193979741099,1.0,0.958688173488736,1.0,0.6662125937352918
-0.5829399750662192,-1.0,-0.8453207155195427,-0.024571016018334668,0.5961072012203787,-0.7575435477664427,0.06974773982335775
0.29191942429014117,-0.2573363852153219,1.0,0.13734293513813522,-1.0,-0.19382493842843274,0.99060249004801
0.11389905282024815,0.26768541039131644,0.18946828696545132,-0.23153887112394556,-0.05032237120411187,-1.0,3.0889279750627683
-1.0,-1.0,-0.17971616399127432,-0.9175726912444009,-0.46343408168133093,-1.0,3.906368803476898
1.0,1.0,1.0,0.5378205994851339,0.11826244365184346,1.0,-5.270136662493432
0.9379205528116699,0.1887114615340012,1.0,1.0,0.7123856675165079,0.6517978059548707,-4.410805499191879
0.7379276370072552,-0.020879647939950452,-0.27584090535345185,0.00191666447836214,0.5188454728598969,0.9714311496125528,1.8173868420548867
0.5226721417652304,0.825104621636026,0.09634290767072612,0.25558345221718,0.7518302147342377,0.9186260399418535,3.1098176223902003
-0.2955198190194895,-1.0,-1.0,-1.0,0.1285211519629058,0.15121036794166653,-4.339819394642432
-0.00875875671011861,-1.0,-0.04170437009494149,0.14055659311318836,-1.0,-1.0,3.673737790173674
0.8113360129758971,0.5212468069439661,-0.4549167221917732,0.8375222034118781,-1.0,-0.03477025821386737,3.092971129008188
-1.0,-1.0,-0.9829753747696577,-1.0,-0.10461817639266935,0.07253288687541715,-6.374713337080679
0.09587667103144604,0.6897469904679139,1.0,0.9560763902244387,-0.0652121469749336,-0.28582671269352766,-1.7847603811647508
-0.026675108126086755,-1.0,0.14224359986359247,0.15493984139385905,0.5673197358686208,-1.0,3.4730964554415418
-0.6120451951577839,1.0,-0.942037425245253,-0.48713885145386004,0.5111129536967727,1.0,12.557524370491313
1.0,-0.542660621389613,-0.239278652403474,0.09409539902241348,0.2741549284071474,-0.7948010218758061,1.9866431478515558
-1.0,0.024229517405274625,-0.07763648875736434,-1.0,-1.0,-0.558790900523888,0.7109414876320523
-0.13705186069133546,-1.0,-1.0,-0.09067886711846995,-0.34006198479860816,-0.17543748962923744,-3.1890747545321814
-0.818512266769947,0.7593011571119028,0.6398588313705137,0.13575532150936553,-0.2960385625473965,0.20014600962903661,-2.0772855037018942
1.0,0.5902378524782862,-0.514043263741945,1.0,0.2175598999934043,-1.0,2.6241957031566385
1.0,0.5809498102751957,1.0,-0.03292222271186318,0.18458517709902345,-0.22795741584745427,0.17570649858748694
0.7349374971631977,1.0,0.8423917477964793,0.6464895250967635,0.8359943956005513,-0.5238714500648779,-2.6313958112332605
0.7521244203717714,-0.5915731880864716,-0.3690627377122281,0.7241182627581046,0.09704281948357196,1.0,4.129867796639062
-1.0,-0.3672151826409491,-0.6170859669592272,0.019713265135102853,-0.4955302522027938,0.5335311703426902,-1.376028291102336
-0.12077873027565658,0.4702613186964102,1.0,0.4341193930850071,-0.6737175265163897,-1.0,1.38712042543113
0.5952714860036338,-1.0,0.7529883515412705,-1.0,-0.7445681643761006,-0.2361626573444624,8.94065920509787
1.0,1.0,0.0519597492130644,1.0,-0.041383773242091415,-0.9344290141240517,6.451025084982132
1.0,-0.8515787893270693,-1.0,0.42103678806620054,-0.06384789510669919,-0.4637522438208257,0.6411724074414591
-0.09177027329943908,-0.7821270897819788,0.6071626876094371,0.7083061354865592,-0.8994790323973973,-1.0,3.3468356000610737
0.7762723158191485,0.27093059123213553,-0.8672582086418086,0.14352972387771779,1.0,0.010448669195487148,-2.5225222298144097
-0.09325409315247823,-0.13201705472829173,0.7523807854394824,0.007691005538896123,-1.0,-0.7599751167781748,1.108042693932661
-0.5447789319175955,0.591867424904761,-0.2838889409263181,-1.0,0.8530791699122741,0.37054959910184293,4.561847456584069
-1.0,-1.0,-0.09319376466774232,-1.0,0.4209879303733538,-0.9699917898796302,6.439672575433582
-0.15123972651234663,-0.6937179854959552,0.8898141528019939,0.8702015363517388,0.12504667349838433,-1.0,2.611721294935294
1.0,1.0,1.0,0.3518055201206327,1.0,-0.4373163703194157,-4.261521572764679
0.20965419529036378,-0.7236511584820671,-0.41575514638035393,0.13225187496471014,0.9342806541082015,0.28374007289759495,-1.1638678062817789
-1.0,-0.687418856649209,-0.2533395821590402,0.366995674723962,-1.0,-1.0,-0.21096178352881512
0.3155581213057654,0.17398852881696003,-0.13753897771187226,-0.6952571392955961,0.4455566199775411,1.0,3.333755714220485
-1.0,-1.0,-0.4678081091481432,-1.0,-1.0,-1.0,4.777892243758106
0.5555842695562587,-1.0,-0.4359620741413486,-0.11344118350883936,-0.8484389684869906,-0.12224165446829896,1.4615410331706071
0.046419118343671406,-1.0,-1.0,-0.32761482274929343,-0.2536723183866265,-0.4736906970102189,-1.9176281272371687
0.8045849440439153,1.0,-0.9750378422868967,-1.0,-0.07659100487288903,0.02817839525411503,2.0142316233448585
1.0,0.5684637756172348,-1.0,-0.2900905406532497,0.7915264642681304,0.7543990631143385,-0.7762283940783412
1.0,1.0,1.0,0.951409333213237,1.0,-0.6290782716878116,-5.749821870935031
-0.9752843011091212,-0.41336378577203137,-1.0,-0.4259486552548548,-0.431145610201479,-0.045858476041844135,-2.3642959414798144
-0.7355685447788957,-0.4932990003525551,0.1912815619987841,-0.3280182491922892,0.6606480311458369,-1.0,5.348604293294952
-1.0,-0.49390736209215763,-0.16249568044341545,-1.0,-0.47625427155311384,-0.9741873173596178,3.024758364364429
1.0,0.4461289670566013,0.7519712076820098,-0.6749190159762171,-1.0,0.3915666026037946,3.1353678569899026
0.9035568570861418,-0.1573909171460275,-0.4398310682314995,1.0,0.9295247219188657,0.024987384277028513,-2.603517280822678
0.5327800991249003,0.7208011500520107,-0.395407127003157,1.0,-0.20716779126357898,-0.317015585735006,0.8916787150486498
-0.9950728708417229,-0.4369191767615973,-1.0,-1.0,0.6354547929387827,-0.4741064911535834,-1.4201450217853968
-0.38210474737579897,0.01829454270695305,0.0020325297133972353,-0.12091067920482385,0.4006705877929031,1.0,3.133004656648875
-0.29540535454000993,-0.7369036226439353,-0.07728215989588039,0.6046255109445426,1.0,-0.3227809263083128,-0.3987744707958264
-1.0,-1.0,-1.0,-0.03172313962430984,1.0,0.4981436966889112,-3.1182396257773153
0.5118627353123865,0.6651839903941235,-0.2830204557456082,-0.3126935420043347,0.17002779228339238,-0.38634413099241244,-0.1601618015111489
-0.2093819914841337,1.0,1.0,0.011170082531029246,0.3481334084147323,0.02493131167656612,-2.288337721083437
-0.4353988675619729,-1.0,0.703300509833567,-0.2753302031088059,0.42959560613683123,-1.0,6.784022078804882
-1.0,-1.0,-1.0,-1.0,-1.0,-0.6160552850374896,1.6221825936263996
0.8493861707713384,0.10903684793044177,0.11033233697448608,1.0,-0.7952806666767137,1.0,5.126279171913946
0.14167365432273948,-0.35034084936415144,0.05150257394136187,0.6201838628741987,0.6354422639182848,-0.9125753214117638,0.55527074444302
0.4621856970857047,1.0,-1.0,0.5800474931230062,0.3176652216679096,0.5521663917740582,2.9508013055588886
-0.5763666447368271,-0.63668587981839,0.5961048237383818,-0.9968391527428677,-0.6014677542538496,-0.21665463415945285,1.2691732908261464
0.26405313479817205,0.47906543470445173,-0.23772079540033153,-0.018191679477919664,-0.5710102858285918,-1.0,2.269687171605519
1.0,-0.4590647395239027,0.6371445348252185,-0.5466685072344226,0.026688559575571147,0.8702271386850811,-0.9405869956242662
1.0,1.0,0.4157225291805622,1.0,0.39220587940750595,-1.0,3.7237287396307996
0.12343481482651764,1.0,0.7579633568151807,1.0,0.6948221561779426,-1.0,-1.8150718265449017
0.3686853039849166,-0.7287067844814241,1.0,-0.5841484700015827,-0.41913370913973447,-0.3888080440156667,2.7665079001156805
-0.028549741552177488,1.0,0.8208122233375378,0.2696472370723805,-0.14957594112764988,-0.2926293805685989,-1.724914761355186
0.05184308744340782,0.7564890620429716,1.0,0.6748352950525086,-1.0,-1.0,0.09595109547378822
-0.2996627727672282,-1.0,0.3366822299670711,0.08688930365567915,-0.8837396491677423,-1.0,4.1144028417538046
-0.4877033740117917,-0.15868085995238496,0.8317616000112708,0.16067712538498308,-0.2514942343374098,0.2704913003688255,-1.206433699101038
1.0,1.0,0.7887572608756719,0.5953664162891447,-1.0,-1.0,6.498728676235987
1.0,0.7195761488593135,1.0,1.0,0.27664115647342613,0.6035123906477273,-5.241074848453018
-0.7363252561433842,-0.33334285287924703,0.3918238985462286,0.08438792878898949,-0.5414971357884374,1.0,-1.5066867560758634
-1.0,-0.096154939909608,-1.0,-0.31894296913720455,-1.0,0.03564504765403141,-2.891279038821728
1.0,0.6628797673709399,1.0,1.0,0.8324771361804773,0.4818109412300746,-6.860791124109084
0.15055787765178752,0.4980006145828314,0.17615200805600217,-0.016567749223057704,-0.2506764945177712,-0.4188945633363936,0.3448476768167504
-1.0,-0.4653319818867273,-0.16079536148905405,0.05765113049297055,0.23739602956124511,0.016174162912500623,-0.06905218810435465
-0.6272777356562889,-1.0,-0.17011782450604518,-1.0,0.025061314242480814,-0.618066872722213,1.7141251750114714
-1.0,-1.0,-0.8195856684203289,-0.43669977580148434,0.5563906932964742,0.05378655808684196,-3.107863148271177
0.22831561884700713,-1.0,0.0011726353724232363,-1.0,-0.7095214683940436,0.0627613625775354,3.9065360112666228
-0.8075967876855371,-0.7658366511394491,-0.2703907693412027,0.20804183620820138,-1.0,-1.0,-0.23375779630070187
-0.4608355102259789,0.39115221456117366,0.5622503565856862,0.4742975902587901,0.5686186817318521,1.0,1.8900674605462222
1.0,1.0,0.42847192898148756,1.0,0.18538207739415058,0.7049824969262996,-0.2876529136998254
-0.5536805615248147,-1.0,0.1436701577717856,0.6597619613599419,-0.8670008099199524,-0.43216696408962874,-0.085825350532452
0.7805422188132759,0.1658013659251747,0.6039391923309266,-0.7249852771173881,-0.4301525713991363,1.0,3.32596828153505
1.0,0.16117576310250137,-0.17469682428832825,-0.6341956134993685,-0.9770913216517003,-0.46506323197656707,3.425259539370631
-0.8289351235494637,-0.992035331833589,-1.0,-1.0,-1.0,-1.0,4.748682622465342
1.0,1.0,1.0,0.042583843499416796,-0.6582361850541468,-0.8808625142630616,2.522566983807905
-1.0,-0.7661842269444386,-1.0,-0.3266307758589504,1.0,-1.0,5.141529327866245
-1.0,-0.39572467156573454,-1.0,-0.15625855029506863,-0.14838104416733955,-1.0,5.517908918815935
-0.8652740609896075,-0.08973079417605218,0.582375778667056,0.3492108407953364,0.431417841469224,0.16030886897108676,0.28447765357744265
1.0,1.0,0.4646474133043328,0.3478810560254795,-1.0,-0.07425171818988732,2.161937646321991
0.23653451068862208,0.6504196421662314,-0.9071775436300948,-1.0,-0.2044149007890772,0.6894958435605119,3.4762066021672116
-1.0,-0.8900988726032342,-0.3751487424172151,-0.49273096337754824,0.34715346861364726,-0.11615078822728553,0.580022158334459
-0.45530158904573503,0.04710027889320101,-1.0,-0.0851813945847677,-0.20518948567637196,0.41744938753755156,1.5054586328917512
-1.0,-0.5725836372822566,0.8339110502208564,0.11900707755556958,-1.0,-0.9674036243908786,0.05160912099349224
-0.32084251757100235,-0.9554903516990441,-1.0,-0.13024670006810107,-0.39644744803719273,1.0,3.105294336682419
-0.09631132992455904,-0.9150629385149696,-0.9764465407089351,-1.0,-0.7684352142684824,-0.4262652170092651,0.8290541351015649
-0.9689759495832302,0.4983576546604624,-0.7173748110469698,-0.5081623591788356,-0.2531687141939025,-1.0,1.7499017972225113
0.1701681483928514,0.06682343293545556,-0.08747675640465877,0.01578125112760531,-1.0,-0.6826537257520787,1.186048301144937
-1.0,-0.03386372953567651,-1.0,-1.0,-0.47815425309280246,-1.0,3.045418916326125
-1.0,0.96261795451652,-0.09644927612191345,-0.8997158611108467,1.0,-0.07585375140421768,3.2932580682803563
-1.0,-1.0,-1.0,-1.0,-1.0,-1.0,5.109306154291426
-0.08639387964775946,-0.889338382757876,-0.43281874265053566,-0.3464749073625446,1.0,0.667093511805754,0.19758828800915962
0.18270388073197308,0.10972388743093342,-0.2067333331012975,0.9993606675116001,-0.23018783859422431,-1.0,2.207160849817723
0.2345849343940949,-0.42142174738265614,0.04875876853742678,1.0,-1.0,-1.0,4.907228671503126
-0.929489061180288,-0.49799688497986516,-0.13020915021668822,0.8163811789323518,1.0,1.0,5.945315333049867
-1.0,-0.9069482176025386,-0.21661140478016794,-0.6572873485753687,-1.0,-1.0,1.5698140014062578
1.0,1.0,0.7981108774287766,0.7557509635399653,0.17488461445844117,-1.0,3.011047551134563
0.11781860082319406,-0.33478413138740765,-0.3266883301655937,-1.0,0.7580855095871055,-1.0,4.303203357190874
-1.0,0.5019595685465397,-0.5999674150698702,-1.0,-0.37094786608775776,0.305612881657832,-0.07084592296887449
-0.07173368264319524,0.8369579922467404,0.9837740766053157,1.0,-0.9993698194082588,-0.787402055077703,1.4999141437713872
-0.36198063516863943,-0.3467545137711072,0.0012865244721294022,-0.13436731005929356,-0.9192384005695686,-0.5148623900073968,0.27966747149996035
-0.9484609341090436,-0.11608133628235984,-1.0,-1.0,-0.7695120377593496,-0.7292389152833499,-0.02005055346635623
-1.0,-0.7160968308120836,-1.0,0.9244027938309155,-1.0,-1.0,-1.3408176269113445
-1.0,0.5146097684460937,1.0,1.0,0.2198703497818103,1.0,-4.818567408760187
0.659332910289169,1.0,0.4004233302804326,-0.09682110772662267,1.0,-0.28674705637820197,-0.6590552769244392
0.4458880706022644,0.6836365703557996,1.0,1.0,-0.3837682182775727,-1.0,3.962645456128169
1.0,-0.1467177758517147,-1.0,1.0,-1.0,-0.9039985743966871,5.287807433785243
0.5202155554575811,-1.0,-0.5907889756201841,-1.0,-0.410795073638527,-1.0,5.604182903713206
-0.05925605051493266,-0.2101549509583301,-0.5248439767370154,-1.0,-0.12309861798152297,-0.718952818304258,0.44278950028087466
-0.4741782414207423,-1.0,-1.0,-0.040732377919403095,-0.2705960789886941,-1.0,1.704506764755604
1.0,-0.9110677545434045,0.38107823353231773,-0.6484780370312992,1.0,-0.45622859191039933,1.5809229491059908
0.5237491940516524,0.9317327418083652,0.7835886800830443,1.0,-1.0,0.11833495943853284,1.1525324738428828
0.47461645265896296,0.7744911505019044,-0.792422756003762,0.015609586868544866,0.10994090418313829,0.8943528092436771,5.836513002919703
-0.034633689098568676,-0.5517297981430251,-0.8155001640707754,-0.6668549286085403,0.025796036219448037,0.6838521164199752,0.3039548395642434
0.4754023663937217,0.693148110837367,1.0,0.26674198404197236,-1.0,1.0,-0.1841335143280049
0.6200809695974958,0.4561998143883761,1.0,0.41251706451799897,0.8466191094635518,0.9376866877389219,-3.6831018778534133
-0.8789255941078664,0.4588948915937904,0.08958558114812987,0.01667914210725021,-1.0,-0.5168684791775287,-2.6350766238069845
-1.0,-1.0,0.17765205641064852,-1.0,-0.4092311188981149,0.2953075640613432,-1.7547932530171528
0.8792073586934415,0.8882356911945418,1.0,0.1301855373531351,0.32928441009068643,0.43431126831573963,-3.1506628620321693
-0.1067626799833572,-1.0,-0.9830071281966946,-1.0,-0.6629100668275356,-0.11415505618567234,-0.8792219800907617
0.08630856483216853,0.998769698864064,-0.33109905161102116,0.9391914290207279,-0.46406025780680416,-0.22567170559161004,2.554736533649701
0.3424145379635166,0.9539576875540282,-0.45785435190039836,0.7422746333546204,-1.0,-0.54827258862164,3.1389737722062225
0.40568694312206943,0.004218624001236071,-0.11709167282439742,0.49885123104737594,-0.16192269917461388,0.12417031187332839,1.4743249833361731
-0.17859503269705768,0.6387800255100609,0.6806432761093311,-0.1266836490566357,-0.7415046774699501,0.46608607809463365,-0.737323546877708
1.0,0.010553821474509784,1.0,0.8195501918929231,-0.4311879141455538,-0.6714054988606966,3.1897960255689037
-1.0,-1.0,-0.035028119840245786,-0.5146212024979229,1.0,-1.0,7.6670660221320235
1.0,-0.3235582409241504,0.8503625078981734,-0.03818276391073033,-0.018026343143447754,-0.41747868160868573,2.039006548454057
-1.0,-0.8157097170631957,-1.0,-0.11840172825435302,0.1796216933479488,-0.3895566802437396,-2.585095830521644
-1.0,0.29404656807108215,-0.7431714708185164,-1.0,-0.5938602338231226,-0.5724279084478727,-0.7940380799483795
-0.09127473645869066,0.3121322416157858,0.16787302686900332,1.0,0.21567111894446384,-0.3618400610567706,1.1191505523304994
0.54031713287515,1.0,1.0,0.9939029818415901,-1.0,-0.003754794188953081,0.5860132006041678
0.9183442077984771,-1.0,-0.06575290112892107,-0.19873216456823317,-1.0,-0.5595264995071725,5.732475061647048
0.3723756470475825,-0.06833562243794578,0.1289432709655387,-0.6928570915193474,-1.0,-1.0,3.8042631161465437
-0.21686647795968583,0.8906181815670758,0.9310472052759597,-0.0887570259863617,-0.5352568559763557,0.5441684024013025,-1.4181236105831518
-0.3174072316932828,0.28004210578049216,0.9486487905061277,0.42632681148831186,-0.6247204058578868,-0.6347987036441654,0.7913762134509218
-0.5326368915115038,-1.0,-1.0,0.2525009219704178,0.2127436237232878,0.13325029071460825,-2.1556304328221363
0.08121023366992808,0.268223518464244,-0.3629209837754115,-0.4861482815256103,0.4102792351691913,0.19786056578418842,0.7780257019219149
-0.4766305452837187,0.35051149754685307,1.0,1.0,-0.0015996737270833061,-0.2890701341108351,-1.699809314663625
-1.0,-1.0,-0.514489479365795,-0.003789845885765031,0.6712185340288888,0.923611172843344,2.369559757192341
0.059601131852087874,1.0,1.0,0.17349855349864973,0.13880929833906197,-1.0,-1.3186867828603333
0.8213950884914878,0.7839769608915645,0.4473791593309413,1.0,1.0,1.0,-0.36105094712027674
0.06258891672981037,1.0,0.35894185193799477,0.2833044701378371,-0.7793000601366447,-0.3299443562514056,-0.565369239588496
0.7199869412530158,0.49152473731480995,-0.27726689697882057,1.0,-1.0,1.0,7.049284603492338
0.5764098491441745,0.27902781143065336,-0.8490122705493514,0.7165804237616126,0.4626250784976222,0.32233574400659315,-0.5018682164108198
-1.0,-0.8763364440634489,-0.04692014611170703,-1.0,-0.3179507197643858,-0.46928867254143947,1.1931809707083254
-0.27516448563800366,-0.4336233322148485,-1.0,0.49002096016638186,0.29207875779103987,0.19569554220417554,-0.4283907022639625
-0.823559656389191,-0.8510357057553112,0.5950048360613921,0.1638239983598388,0.24046184493969136,0.8157354362124956,-0.10415290427293133
0.5655266051765889,0.9955872614942654,0.7687315160323027,0.09484712189095723,0.29498067717803994,-1.0,-0.3518306055255451
-0.22325008775023625,-0.5136446514325599,-0.45509769007079304,0.0016831169832708381,1.0,1.0,5.400282177890787
-1.0,-1.0,-1.0,-1.0,1.0,-0.8976365026608455,1.6577591152592326
1.0,0.642512778703558,-0.5516837921760096,0.0924567984293411,1.0,0.4994778480413806,-1.2113162055510798
-1.0,-0.8252734322608579,-1.0,-0.4072817750598847,-0.338537454481476,1.0,3.2505681272151437
-0.7080454069993136,-1.0,-1.0,-0.6062004340273508,-0.23735821376440258,-1.0,3.1521699127562552
1.0,0.6531924293289189,0.7141860496575262,0.586806868010232,-1.0,-1.0,8.006379595004077
0.7485250776644914,0.22079348430167633,-1.0,-1.0,-0.8668913005568031,-1.0,2.867219044026604
0.9745151266940915,1.0,0.721155545062706,0.5386716744411871,-1.0,-0.7979035888271095,5.075901605898941
-0.4254218729363679,-1.0,-0.4934101625124693,-1.0,-0.1765311716062569,0.36113611277966945,-2.0710841970918965
0.11678033749101235,0.6962685695135473,0.7422576377079533,1.0,-0.4656439046959363,-0.5401561418786963,1.3471719109787208
0.6238309438626506,0.28080276017281847,1.0,1.0,-0.8508103170454056,-1.0,4.491787425186849
1.0,1.0,-0.028224353590959983,0.013939671134516107,-0.6761903210455975,0.3275954008423809,1.566819665951242
0.030449962643931627,0.07460742104858137,-0.3383493380132912,1.0,-0.8236017534420648,0.2960367196215995,0.74753812034308
-0.6491433086549517,-0.40470944407050913,0.12730846251816563,-1.0,-1.0,-0.7698639328297248,1.830331529039461
0.8190762121458102,1.0,0.4569423365504792,0.6415139848283231,0.20949333815887333,-1.0,3.324781965136575
-0.9920245151106835,-0.2928362416141659,-1.0,-0.8806918414324063,0.27974295028839746,1.0,6.114673380724604
0.6375888663675409,1.0,0.31376315637133945,-0.3091869823881547,-0.7356544314943786,1.0,6.54650037602832
-0.28124900672075887,0.11621232759619082,0.10405735157604143,0.10164195263983368,0.07176904186592437,-0.5924404934457024,0.7351189551717587
-1.0,-0.8718008236441293,0.039910134780036355,-0.8934952463482919,-1.0,0.38158725322305603,-0.6855309488374008
0.7703446221031491,0.7489141181090598,0.918873588330131,0.22573844316678032,1.0,0.6775586002188383,-4.317554445917878
1.0,1.0,0.6955266176789103,0.27261832136226416,-1.0,-0.009575290307020312,1.8925829440472623
-1.0,0.26086831160505736,0.15928254063338876,-0.13498676284701627,0.4323318866837974,0.142222513623858,0.5555252814381489
-0.13793287074062277,0.8509346556152766,0.7315707498413083,0.22685931455654978,1.0,1.0,1.4044503547699867
1.0,1.0,0.08666405950650591,0.23751119394553966,-0.8134541965470459,-0.3635298475264953,2.4535954560103064
-0.3595129533693929,0.3130364888580505,0.008376070335576968,0.7337668891848246,0.18097052330339966,0.3371252416383306,0.2516761748078733
0.015301011372981822,-0.22220934951105129,0.4797804790174065,1.0,-0.6763230073447841,-1.0,2.925619353570376
1.0,1.0,1.0,0.2595324616527872,1.0,-1.0,-5.190851081127488
1.0,0.9971821489492965,0.1641238628428372,1.0,-0.11944966889025638,0.5818359105457941,0.682084231805064
1.0,-1.0,0.18001765030394198,0.04739310410004405,0.886981154183621,1.0,-0.009303714689994691
-0.2278425457255105,-0.06399613839902851,1.0,0.9912308280099159,-0.25931439101902654,-1.0,1.2743654537929048
-0.8105382951967056,0.5028969554059654,1.0,-0.5296750556583014,0.6011966584996247,0.5923028154188859,-1.0017092428790937
-1.0,-1.0,1.0,-0.8019143878055052,-0.8405217820728808,-0.9854155661641741,6.06217792386323
-0.37542621313568,0.17489246512192436,-0.08133334847655505,0.4608583584237314,-1.0,-0.3120925539096477,-0.7630166261752863
-0.32119479484511526,0.23290467555358907,0.2354815310636069,-1.0,0.48563156144495767,0.15999714650978403,1.1553426535277393
-1.0,-1.0,-1.0,-1.0,-1.0,0.10335933603249635,-3.0149884646121525
0.31807114494255184,1.0,0.7572017653094072,0.001125165597433475,0.6867618998169431,-0.554827231850503,-1.4463324910917983
-0.44016720095060374,0.789820989635365,0.3554396459296474,1.0,-0.3222812523610292,-0.3588808937264001,0.18458443338787384
0.7929218890594099,0.8712860438046065,0.024901396252231756,-1.0,0.6942830481340674,-1.0,-0.36383153189982287
-0.05764235133554707,0.6795897125369648,0.9590974976509878,0.42807050569280425,0.21257501852266225,0.03581652980517483,-1.3292023952004637
-1.0,-0.08984687163361293,-0.2627635922350985,-1.0,-1.0,0.20113986051608057,-1.68398040881151
-0.018221820306283054,0.11096540556246648,-0.46025250898437087,1.0,0.20032695163321446,-0.6306099798562641,-0.14214127362918283
1.0,0.5785683177573118,-0.7226675491621981,0.37079516708286875,-1.0,-0.005192539315022948,4.324835885646182
-0.06495744716463125,-1.0,-0.8816585364947485,-0.9538150291337717,-0.35542636403198835,0.3630994779307027,-2.026514930082066
-1.0,-1.0,-1.0,-0.353995368392658,0.8335986620999414,0.03127759971460209,-4.923890204216062
0.4206319989490518,-1.0,-0.8566378341542344,-0.3773785264933443,-0.710826538945028,0.41994775219840763,0.42336671577929436
1.0,-1.0,-1.0,-0.6419806949024759,-0.41858397409204295,0.20646993677334646,1.1054598027740408
0.4081612793167207,0.4230086083180039,0.2561786242086467,-1.0,-0.4173958213205877,-1.0,3.24775598087006
1.0,-0.7904372042125112,-0.40151938070130394,-0.22964889328286398,-0.29323023711228513,0.027738476431273168,-0.10591537593115552
0.4232394233613155,1.0,0.0002763935935539419,0.6899210565988854,0.9680718328712059,-0.48846442263309686,-0.46627316030274213
-0.18340951653192183,-0.6977057064034418,-1.0,-0.24380800214937692,-1.0,-0.38419327457726316,-2.3771101300937136
-0.5440766136017331,0.7460528693727284,0.7680725455934633,-0.9655783398527013,0.23020636071683595,0.09755759336767578,-1.9879282052266514
0.3864087607303739,1.0,-1.0,1.0,-0.43392011393277063,-0.5087227311371141,3.315369253651883
0.37079928707722776,-0.9009525432308975,0.3289327165936996,-0.9527205317159804,-0.8748636483023486,0.6255618214187332,4.462626322352535
-0.674744429864854,0.6851644489423632,-0.45230308438942723,0.8523188909637064,0.7514191895168426,1.0,7.17697076402529
0.5639106288813951,1.0,1.0,0.039472540016094015,0.2024577237799421,-0.4520440638393223,-1.891675813647997
-1.0,-0.9104703131109462,-1.0,-0.0744078657590066,1.0,0.5423706310126113,-2.179118416196195
0.9762525395966752,1.0,0.9998506687431625,1.0,-0.3758613167448946,0.709013729754876,-2.298680354422101
0.09036982339899424,-0.19349905004782353,1.0,0.9744901983341003,1.0,0.7398226549238005,-1.8719966278685507
-1.0,-0.38422792155500185,-1.0,-0.5281713835586372,-0.23843520553370534,-1.0,5.614757311883269
-0.7149017053765072,-0.2664776103988681,-0.2914713176598088,-0.4014031481809124,0.32602067255902023,0.21073114036650042,0.03921135882245691
-1.0,-1.0,-1.0,-0.11780853692329218,-0.8897671696291369,-0.8469052643156645,-1.3836005395721966
-1.0,-0.0337469245670754,-1.0,-1.0,0.4352933783211351,0.605084599366342,1.7745045376295943
-0.5513928246410571,0.20589571999476042,-0.1961678948438924,0.6950785848864581,0.764442313086755,0.26342383452494766,1.1023586943597332
1.0,0.6316544059466667,0.5625230105973134,1.0,-1.0,-1.0,9.894188098009748
-0.716346900820833,0.5595070217147572,-0.2859733833432914,0.23668871507007605,-1.0,-1.0,-0.2897236298941799
0.3292515067893188,-0.9451126443805022,0.6861993703578084,-0.9541913517558548,1.0,1.0,-2.8567187587495444
0.40985897678320793,1.0,1.0,0.10005529352632492,-0.05797673155289562,-0.9313356708621137,0.3805916423855443
0.08561075528236817,1.0,0.23352888800721666,0.1717262337099262,-0.6490283545154356,0.5599360823657102,0.22626379215912218
1.0,1.0,1.0,0.7226417694099132,0.9234215329371501,1.0,-8.29433026313637
-0.29078586682967666,0.11690410731377823,-1.0,-0.7774510293690609,0.5696918505235091,1.0,6.563164579918815
1.0,0.9525960704779434,1.0,0.9090614279227727,-0.29729715676520874,0.01836074694398898,-0.8062639740961919
-0.5568419110618921,-1.0,-0.21339530599180256,-1.0,0.5019685665536012,-0.2611032638593189,0.2892840112555911
-0.6411614591243091,0.39611812333443486,0.3989173676362286,0.03187735507306144,-1.0,-0.7315803801664018,-1.316971628031139
1.0,-0.037632441596667926,-0.4443589222178625,1.0,-0.009676638458675946,0.25224237043288544,0.0801334279396645
-0.23829911082140742,-0.9578323143737917,-1.0,-1.0,-0.696697625302207,0.6069621644166451,0.0429095934026712
-0.19904794396048076,0.26106451228682614,0.4903237345457333,1.0,-1.0,-0.9458038328768374,2.404796153290992
-0.9818300205646737,0.8133428262569763,-0.190754804110408,0.8264093179226172,1.0,-0.4003980940368772,2.4008520977968564
0.2884436610386735,0.46048952967488943,0.8281739573514566,-0.2039185397203494,1.0,0.22437068771623658,-0.5695028095594524
-0.3987284880366344,-1.0,-0.08864846261399821,-0.743193564520251,-1.0,-0.47379138898325485,5.252586270961636
0.6990812982330037,0.46145440433446705,1.0,0.7161915166346522,-1.0,-0.9511044039401819,5.352097483664691
-0.13364879421796416,0.4702195104696939,-0.7373839479599857,0.3230135026649978,-0.8862001932491359,0.7770815550240481,2.7206239803380483
0.10229267235707619,-0.5156544654611153,0.10901763287003519,-0.005054320809083149,0.7203019536558011,0.9705629041473043,1.3764582576465476
0.2223162080676384,0.28460202051316885,0.3779843735226513,-0.16564576244734974,-1.0,-0.16093948739662856,-0.2120807336681403
0.0684409911022541,0.18970595374636234,0.4126484742497514,-1.0,0.3406400312328993,0.061154918706008254,0.8256390138404676
0.7690887221004231,-0.06703575375362958,0.6145016518167576,-0.4249451049008286,-1.0,-1.0,5.614616278333513
1.0,1.0,1.0,0.9493312868219215,-0.48928670163274063,1.0,-2.3565476330547948
1.0,0.3905417930101982,0.7105792384633198,-0.026380914690236595,-0.11218041385325633,-0.4459357433246074,2.0198245198824414
1.0,-0.5711385450034787,-0.7978467922717076,1.0,-0.12177642909246056,0.05880073041502032,-0.4715921237729853
0.30140377266306057,-1.0,0.5256116811579566,-1.0,-0.1297051502398775,-0.1010084613476192,3.126373392186303
0.4345358819564679,0.044527744649307144,-0.0710157320703629,1.0,-0.6803234796470584,-1.0,5.919968565208741
1.0,0.4447222743943158,0.6479316954284969,0.7154811469060206,0.6638158790341655,-0.47695329484101884,-1.015902510356444
-1.0,0.580808515578077,-0.4688994349570451,-0.2464443533653109,-0.884252200001739,-0.08644232477087876,-1.3240253649265674
0.6197166782664623,1.0,0.03597754099157302,0.2200660195741455,0.6172603448912862,-0.9393130159615884,1.6066070662663123
-1.0,0.7690884456478582,0.5914308663440254,0.8538585720894195,-0.5468286495480683,-0.5123645351974797,-1.067098106088397
-0.5808886563024553,0.5696429820456876,-0.8673876435901762,0.4993029607877496,-0.8588147800987567,-0.3490982329595156,-0.7815962276544413
-0.4550328150656119,-0.8350124429684083,0.8574282880777234,0.8780453970523632,-0.8467551879438806,-1.0,1.184446649432896
0.18698074977488877,-0.5651662056229363,-0.34275170027754054,0.37340546174023515,-1.0,-1.0,2.0236001707893165
-0.9840136284789622,1.0,-0.6381652554632563,0.8206683682475698,-0.22572017196746985,0.27046382660343227,0.44625303503721653
-0.6997549750379126,-0.6421016607367331,-1.0,-1.0,-0.956566486032717,1.0,5.175919426956278
0.5948145365406433,0.8410888226338168,-0.308324560163052,-0.4091233484661213,-1.0,-1.0,4.0121785641208785
0.22427555094775675,-0.6877660259280145,-1.0,0.7506569502502629,0.09460154886456662,0.9828970688855043,5.974692492838257
0.5620529748124685,-0.5611842499417203,-0.1801277604018239,0.26507110346394736,0.9360301084648788,0.24787587327487182,-1.5448725970626513
0.462924709524979,0.2527856028135237,-0.3205654360447392,-0.5498624485244494,-0.44312404766698843,0.4179511341262383,1.2599154305536067
-1.0,0.41785233667760235,0.23958393834723624,-0.24927126389316592,0.2783545993503292,-0.8006235745485483,2.890577991233292
0.024968324582402057,-0.18615087204859504,-0.3775501046740247,0.43196281528185365,-0.9548011645403098,-1.0,1.8690162152914391
-1.0,0.1938512625951858,-1.0,-1.0,0.050026518385551055,0.863850831553038,5.232578417623855
0.1263073363325291,-1.0,0.1851403514563007,-1.0,-0.4270350712606312,-0.7794048846001785,6.6711809888761495
-0.48492603940708817,0.21094233197609202,-1.0,-0.25162165740985504,-0.5700239996718638,-1.0,2.341208246009459
-0.36148138427759213,-0.9854424424287009,0.35579807813525083,0.45497108369196765,1.0,0.9510529858753173,3.315911810352179
0.7459942015648471,1.0,0.5164794249626012,1.0,-1.0,-0.8095491115404991,6.8201179684515205
1.0,1.0,1.0,-0.3011719942580773,0.9988476519355518,0.3391274891637963,-3.8243348231556227
-1.0,-0.0755904289709377,-1.0,-1.0,-0.3024932089116512,-0.7454656644509343,0.5057262797982081
-1.0,-1.0,-1.0,-0.5164485338650402,-0.27414072290757946,-0.9186836966732101,2.5801598064169813
0.4843490505053749,1.0,1.0,0.5959886189837738,-0.3318200109885505,0.5499969140132424,-2.886432739724283
1.0,0.9666071686979754,1.0,-0.12328444439825986,0.568572715702816,-0.9658440494405659,-2.928693269702762
-1.0,-0.6188331767388744,0.48243076551246117,-0.09118023321608493,-0.856215608008192,-1.0,0.5688165802535058
-0.8141956571482354,-0.24406147358043107,-0.7652191862371008,-0.49801589038484884,-0.1774606260335306,-0.16514631028778728,-0.7205049475529972
0.15587648482054206,1.0,1.0,1.0,-1.0,-0.11179200665192954,-0.5731136945621927
-0.6578922391354051,-0.11526462876960264,0.47513034607318094,0.24994718564284657,-0.025268232943750513,-0.2841636441466473,0.4247462952230035
-1.0,-1.0,-1.0,-0.06399335601257433,0.9564848423071706,0.10688379255010916,-3.816709288588914
1.0,1.0,-0.051183588194763874,0.9859740800077788,-1.0,1.0,8.762702955760297
1.0,-0.6681808160754557,1.0,0.4648872537995398,-0.6512691408110736,0.42374997837142775,3.1907652176131713
-1.0,-0.10496091197645496,-0.5992444983288203,-0.7946150941993739,1.0,-0.27904658514683395,3.3126344237562875
1.0,-0.8449186399153983,-0.3492618970232779,0.43275191620974796,-1.0,-0.0008307984396658252,4.72009767531336
-1.0,-1.0,-1.0,-1.0,0.016621319470402365,-0.47684956204152845,-4.917563602098821
-0.118846274367095,0.4957808940608599,0.38106766629208205,0.3227872439813936,-1.0,0.08919485003950633,-0.263544156312989
-0.2935589131851895,0.24406657343316085,1.0,0.229816587996958,0.006464500173254839,-0.39827496121042905,0.8636261414512623
0.5870418500464353,1.0,-0.11415371674852526,0.37869139105903704,-0.42719583322927523,-0.37077776515505945,1.2012256329962214
-0.4610222727729816,0.12229052232036114,-1.0,-0.884498733411597,0.12547392195258616,-0.5569811110598775,-1.1112930063450954
-0.9383322931165208,0.3039002630859575,-0.38911083025293197,0.7435035540091344,0.169110546651348,-0.8310549111081128,2.513220703927315
-0.46535729886923854,0.4871995677754244,0.010488447854182792,0.3962774778660959,-0.004304423031925242,0.0051730482304707115,-0.19114852644260016
-1.0,-1.0,-0.020745267016587632,-1.0,1.0,1.0,2.3546358046240976
-1.0,-0.6359964012371231,-0.6470375811590477,-0.026227980223387792,0.2797606859323083,1.0,2.1732203121446947
0.12507946297974656,0.09314867785830001,0.4099610171810072,-1.0,-1.0,-1.0,3.4925505901876304
-0.0647462082251491,-1.0,-0.642480100468521,-0.8169923913566443,-1.0,0.8609437164029903,4.644093190119596
-0.49325465604479346,-1.0,-0.33263620222745954,-1.0,-0.29185273611040286,-0.0915659504021431,-1.8054880162177829
-1.0,-0.6661876086259104,-1.0,-0.2404444442664746,0.0985551355191524,-0.046301834408861264,-2.7143097055503036
0.7313660076756319,0.8580317371850184,1.0,0.6974447322532151,-0.4903742568349276,0.07261989651691908,-0.19847998393790442
1.0,1.0,1.0,0.8075809863890033,0.09359538962101382,-0.19115108697046546,-1.5742438219807404
0.6256700287832216,-0.210439555608086,-1.0,-0.25136779744136006,0.015040501464779643,0.11977314529312849,1.475939667369053
-1.0,-0.5550961033330295,0.3302634706405486,-1.0,0.9548987458312237,1.0,2.315920415914012
0.5707308610577811,0.04497769952970776,-0.409163563248458,-0.3367646613219448,1.0,1.0,3.3678495216230715
0.226591469922375,1.0,0.8519302566657876,1.0,0.8713360781932326,1.0,-3.8798984376351315
0.10734803889324762,1.0,0.8517783641175138,-1.0,0.42949972414198534,-0.7992765420476247,-3.6480177184208555
-0.27135667228467986,-1.0,-0.20893942311843716,-0.32898363466917213,-0.3920005140681462,-0.7138512902653558,1.732281196213015
-1.0,-1.0,0.2658528559566792,-0.8404114321333672,-1.0,-0.34251571596958597,1.996163520932425
0.5992049526775076,0.5077722604661432,0.830393789682512,0.09260019599013303,0.46129649337930356,-0.13186254175664824,-1.5172166056633498
-0.7308332251057426,-0.39456789273735093,-0.40982643901773963,0.4373099477448896,-0.23171742160273356,-0.30965359620265226,0.2855288918262785
-1.0,-0.022484899475385012,-1.0,-0.48387078051185806,-0.7953331480724859,-1.0,2.8925354978174216
-0.928371014525935,-1.0,-0.304088768632365,-0.9281589380055248,0.33565852843003285,0.595439254386844,-1.91259632405569
-0.479648583654967,-0.988802927446995,1.0,0.48025633241543414,-1.0,-0.07556425558086977,0.26988888936439825
0.0470634582747539,-1.0,-0.7875207628064542,-1.0,0.5082429900071939,0.060564603714069465,-4.15659828871389
1.0,1.0,0.32150653480010316,0.15663290095838311,1.0,1.0,0.14347502237060317
-1.0,-1.0,0.7489411134353761,-0.7663852608214257,-1.0,0.550963218616972,-1.2383323290565902
-0.848067400779301,-1.0,-0.1926706325216221,-0.14825629417878017,-0.8904858765447984,0.04446796957731078,-2.1971902274856907
-0.6683979432368621,0.09788053341782377,0.2327236655392022,0.08739092728904237,0.4411752041731821,0.2745045548282976,0.5978912345623472
0.0780727706007226,1.0,0.07360464229797303,1.0,-0.6651656174763042,0.029029109294496536,1.1399387971506618
-0.7059156357770666,-0.4121951769575981,-0.6205043970565933,0.8555741959911983,-0.09717722825821618,-0.7946058132788405,1.0496745741707574
1.0,0.9110357072362313,1.0,0.6192823810211665,0.49954061025461227,1.0,-5.628984768371333
-0.46136002294048417,-1.0,-0.336314745481623,-0.1420048429181242,-0.3363905314922526,-1.0,2.558347010820656
0.834536689763653,-0.12623295947299917,1.0,-0.5377810719166872,0.7077373820904447,0.7048269492345651,-4.322893529639868
1.0,0.021335921688248383,0.5749703407785768,-0.11497056146509876,0.5236257016263527,-0.19247507167097652,-1.1926995986951523
-0.2468310034422776,-0.7299002041235728,-0.0007251010862451834,0.10374934151324929,1.0,-1.0,3.1947118320531978
-0.13608744090571057,-1.0,-0.30635539208729884,0.447294996681177,-0.5450001171456702,-1.0,2.770642601659392
0.5244788955810014,-0.5563777087742214,1.0,-0.6015131057494109,-1.0,-0.31376340615358334,4.309017532354315
-0.15388942600859368,-0.7594453529908152,-0.32990168339682413,0.06466340443965463,-1.0,-0.9838623799282289,1.6386162282754295
0.14007545473575372,0.044813475265990776,-0.13297844729050634,0.07372326250796149,0.6563972133443325,-0.7771222099408275,1.0096393347927386
-1.0,-0.7129208823633416,-1.0,-0.5349556441208783,-1.0,-0.17150788152206542,-3.284236695576142
0.9374777312087657,0.8950535086597045,1.0,0.5906961381825597,1.0,0.12966397987789025,-6.330910343457379
-1.0,-0.42795078162823696,-0.8708571254639254,-0.6361549702020003,-1.0,-1.0,1.3278255525336307
0.05758066130966866,-0.24640400572028676,0.5630252209000709,0.2895005762452928,1.0,0.3457246009414756,0.18875411459827385
-0.1540230792780698,-0.3067128955923428,-0.8656496481038123,-1.0,-1.0,-1.0,2.7473028128267214
-0.3712261177328875,1.0,0.688731167446289,-0.10552825244745656,1.0,0.8762133872436946,1.9702240880664796
-1.0,-1.0,-1.0,-0.3229971169195853,-0.5756376852792734,-0.00817567820579257,-5.627875144227155
0.6813483302782264,0.33739838904214725,0.9264911679820258,1.0,-1.0,-1.0,6.349512430166292
-0.5182347144181069,-0.7620465191560126,-0.07098568310410114,-1.0,-0.5070963760059253,-0.1956434443325333,1.0407773534614126
-0.44428251783438266,0.3286387027082196,-0.2822082938844561,1.0,0.24783647008501908,1.0,3.3662645165548195
1.0,-0.7583656891239738,0.9617375771671286,0.2795398484358277,-1.0,-0.5241692923362892,9.968511949649507
0.9853171100371726,-0.727966852070872,0.6333677048553219,0.31277645971561185,1.0,0.454934158051127,-3.077338881656063
-0.9168698033500762,-0.9337397660417441,-0.5176098710691028,-0.8797368595443182,1.0,-0.6291343593100274,3.152357673808637
-1.0,-0.22802422890005455,-1.0,-1.0,0.4274079102513113,0.1520478842857942,-2.2825231723376884
-0.7662887565277652,-1.0,-1.0,0.2872427334635439,0.6389019638214188,-0.16034845735235803,-3.885803527629154
0.035239167997496504,-0.11063365497542182,-0.7379028632513585,-0.6213985742616503,-1.0,0.6125364418957061,2.0569173641361034
0.24684685836681608,0.5581742992392904,0.15727438546626424,0.23896735073294,0.3517576064839732,-0.0026690566489442347,0.3446533010139234
1.0,1.0,0.9858992988711446,0.4705047524627278,0.43598529005746756,0.9322718411005282,-5.601903658966656
-0.09284707335944825,0.5982872899593613,1.0,-1.0,-0.5510443350297997,1.0,-0.5595386411201022
-0.3916380190914144,-1.0,-0.5440807747091612,-1.0,-0.8047162908045118,-0.15418843324004383,1.4396908596021682
0.35149567689150607,-0.6811898233943813,0.4698323319666259,1.0,1.0,0.027468360630199973,-1.186532535224517
-0.8122757629477275,-0.8334526088288612,1.0,0.6096273670309601,1.0,1.0,1.0599059583649277
0.3983605976759935,-0.13920529253038438,-1.0,-1.0,0.4148280090266123,1.0,3.233447945572006
-0.9438122045668934,-1.0,-0.03640749519702258,0.19997875052694247,-0.25477403959858513,-0.8733236222953221,3.072506452340572
-0.4260083090781468,-0.34390554213111113,0.0016168432939850652,-0.8246597057760413,0.7526602267974493,-0.5882759862976057,2.967583204349539
1.0,1.0,0.659764928813988,-0.020193835980139463,-1.0,-1.0,5.045245305069851
1.0,1.0,-0.4969441041651814,1.0,1.0,1.0,1.5167504597119974
0.93917207215322,0.33019738084446115,-0.07932817199093412,1.0,-0.8586134533498196,-0.8887516533515673,6.783372335468045
0.8660498128567694,-0.5022344954451224,-0.5780102719129272,0.19147044941099245,-0.6187114477445164,-1.0,4.6097246083372525
0.07929271246987743,-0.29170077598976585,-0.36769874229534305,-1.0,0.2297877368016651,1.0,2.2484925864026555
-0.16991736320144768,-0.903590044178335,0.2642937726670187,0.46516285930798146,0.4536009184874903,1.0,2.565960868129324
0.9220021636017879,0.9916275411473279,1.0,1.0,-1.0,0.5249108095086878,2.8220206374757426
0.7717854911432175,0.2030520728735915,0.6179206699031621,0.9891943492374039,-0.42218994089960027,-0.15028600700948314,1.133739855373428
-0.536056508930863,0.4800523624188352,0.4570264178686496,-0.32880188390178733,0.5648044972123305,0.10718149296431272,0.9884616899125497
-0.4643897687157893,-0.443711902283914,-1.0,-0.4731141215998953,-0.21316225477155126,0.5196321733097408,0.5395349391319378
1.0,1.0,1.0,-0.3185130108381291,-1.0,0.9357068685261014,1.782125967646319
-0.43975434968858185,-1.0,-1.0,-0.8249522947843017,0.020105829252823337,0.13355371831875984,-4.769600536313648
-1.0,-1.0,0.2295977833232975,-1.0,-0.691095423447454,0.5043718528071623,-0.7569709353893906
-0.4602856365108311,-1.0,-1.0,0.6982874544019636,-0.8994819673481617,1.0,3.668008008907692
0.6592829644999759,-0.09805271754040512,0.8007989327007078,-0.030074115211319696,1.0,0.09485737824837237,-2.6374828384386304
1.0,0.701788144109611,0.6763171800280706,0.9931999458093766,0.7365719950689513,1.0,-2.8678572015544685
-0.5252376047097363,0.25087906807747307,-1.0,0.3631309859205156,1.0,0.25465403486014726,0.6654143578782253
1.0,0.5619288475127,0.7554871151506832,0.6429586595230086,0.2967470195691806,-0.31534573067843075,0.28121301925022196
0.0014627703059624242,-1.0,-0.5239841010541699,0.5139336268838335,0.3610269908727186,0.9274883619214775,2.600675829663386
-1.0,-0.795437331907404,-1.0,-0.12313038382120634,-0.8804182454594516,-0.2947460250701319,-4.590346608311458
0.6314363370128501,0.08769844677562288,-1.0,-0.7006712500460984,0.7956532741397384,0.5154306100462225,-0.5704721918688538
0.6974381000554204,0.3798138403322193,-1.0,-0.5593502935062029,-0.3597470602077787,0.2581814393329511,0.7159817533129128
-1.0,-0.09523190820150756,0.12024019469956293,-0.3717894222533694,0.6439016633213339,-0.6440526071881653,2.738087849357872
-1.0,-1.0,-0.6696392208805804,0.47893490942176464,0.6465406110227846,1.0,5.081068226781747
0.5601210878215656,0.6349420410883244,-0.043811076396642556,-0.1496876610848809,1.0,0.49884881052089436,0.5496112909432659
1.0,0.762796651676478,0.40088730652029314,1.0,-0.3073664009151507,0.42402335092578236,1.538234557773115
0.1760570344778617,-0.06136151951726665,-0.3084311064345092,0.950013288166215,0.44200030528242024,1.0,3.329865300632631
-0.5156001908293659,-0.35677011662932645,-1.0,-1.0,1.0,1.0,6.505020011860484
-0.8166601548376349,-1.0,-1.0,-0.7576071074048851,1.0,-0.31370874553154393,-4.862582050652638
-0.2307509887335063,-1.0,-1.0,-1.0,-0.44187385451475625,0.13906470707999474,-3.183538227264998
-0.2824039326538788,0.015391247216744564,-0.3123448481903415,-0.37723731421087736,0.021127938863895246,-0.48958956091758365,0.6867492212076759
-0.20743241310566596,-0.9046101230818634,-0.13499018471993485,-0.29886252127993684,0.3050302659481996,-1.0,3.7039836261817065
0.06482732591152945,-1.0,1.0,-0.8162385185420882,0.6876398276216567,0.24746859826370127,-0.8020638091494068
0.9128487150616624,-0.498191548876937,-1.0,-0.587014769187559,-0.13671800873214243,-0.8125263435154532,2.0920354684464124
0.28274754488708065,1.0,1.0,0.07443147245373838,1.0,1.0,-1.4458107079971525
0.8452548161590978,-0.9665051262132998,-0.05431742076232421,0.40465031012292796,-0.8066138347333598,-0.3969814034652358,4.324762018609845
-0.04568263341368978,0.9965649173520192,-0.941541076565107,0.6233171591741176,1.0,-0.0813240697290234,2.3400266424368175
-1.0,0.5981764426156486,-0.9163064497213975,-1.0,0.9659724105341467,0.6390794222021929,6.248694041987067
-0.1618265406639048,-0.38339223298971736,0.015429140353246468,0.07711266574238301,0.7277297469835635,0.6494264257480935,0.8584131236194724
1.0,0.5979369000263663,0.5994662738030719,0.21722399042897966,-1.0,1.0,5.717670469780152
-1.0,-0.8661798181885064,0.16749459554410195,1.0,-0.49525994596905576,-1.0,0.6396970573844607
0.9233132861005546,-0.013041847716109833,1.0,0.6385450181904728,1.0,0.33444323552949984,-5.329112013045524
-1.0,-0.3587091446717105,0.5070463818374054,0.5054287491944623,-0.09073497562498312,-0.46463886356218026,0.44687031752064743
0.3170808973064756,0.5725956592300392,1.0,0.606625086142663,-0.34049102076644755,-0.33656262719262664,0.9193043175092647
-0.018322429755082137,-0.11123557961357686,0.5725227983457084,-1.0,1.0,0.29853809757918914,0.9813274864497529
0.18487810150579176,-0.6253804862130223,-0.1914226698983118,-1.0,1.0,0.9196807756689183,2.2359444521133396
0.9528197560037575,1.0,1.0,0.35484129826293387,-0.5136481407222928,0.7046888349895627,-1.2808621418900337
0.13912547905068645,1.0,-1.0,0.5755008905933303,-0.018058136229239234,-0.9920718373337578,4.829534367815046
-0.6831892944521993,0.2774530214951732,-0.7726020193011554,1.0,-0.35613579345472224,0.8185612705305569,1.7283656888528396
0.7441000316875226,0.259128943269876,0.44053222473465603,1.0,0.5058365957387478,-1.0,2.3085583276714514
1.0,0.5376097507422988,-0.8832688578525568,-0.25230572145596497,0.4651147258640125,1.0,3.0176077222536226
-0.5336035827424805,-0.35951435405851684,-0.49365378682861516,-0.09166498285724645,0.8382257909900072,1.0,5.443080477143107
-0.1698363592292886,-0.512597224907629,0.5277911986732845,-0.16783555362477548,-0.1104173572805443,0.14526252036666232,0.07209258240901154
0.2562091975716061,0.860762570220068,0.29158930994529053,0.5402122197516565,0.9835645920898382,0.06187669367820116,-0.1572674271228749
-0.9739142392905762,-0.8567405913641697,-0.19536389474089444,-0.9701672102869167,-0.4096556468584476,-0.35160840260961124,0.21547880004880907
0.22442819481136023,-0.15179678880805286,0.7370980594301986,1.0,0.964588105730525,0.3557843537875991,-1.4398845581935775
0.6236477238722897,1.0,1.0,0.7914199153820045,-0.7823025087067319,-1.0,3.1990884769585337
-1.0,-0.059337194060159915,-0.223926151098512,-1.0,1.0,0.27776810587268685,5.55870170160525
-0.24773314152957615,-0.40882723917141006,-0.8161026541998575,-0.7053936305869721,-1.0,-0.8819224631301681,1.728614424840144
0.06889172869380139,-1.0,0.09302624859133879,-0.046023334263112115,-1.0,0.19354422083964928,1.3741120655155763
0.5344026281715564,1.0,0.31517671909345213,-0.027147206575420357,1.0,0.8327788361495889,1.1040015088378066
-0.42661334024857617,-0.11289763591863414,0.1314318189239288,0.321503547550292,-0.4499717070606152,-0.5079303084971568,-0.11219838613002833
-0.7727653265002807,-1.0,-1.0,-1.0,1.0,-1.0,2.4864768511896127
0.8790974136954639,1.0,0.6239899337537551,1.0,0.16136148196469408,-0.10118490255042781,-0.891497278970542
1.0,-1.0,-0.5925042139878886,-0.41617212412164195,-0.6001808174504232,0.30370070216887807,1.0847724068984608
-0.9738173816792262,-1.0,0.18874550401578316,-0.08217787008340546,-0.18808022107029165,1.0,-0.4635765531287276
-1.0,0.1473964100150919,-0.18459128460431606,-0.5058094739786085,-1.0,-0.30500985763700794,-1.6715391145057334
-0.2358028612594072,0.7087967072915856,1.0,0.910022509278496,-0.20967052240859146,-0.5950027772239804,-0.8504200358425119
-0.3167878599643139,-1.0,-0.9289081867920921,-0.4609577163928933,0.07552833797274316,-1.0,2.3617141148057863
-1.0,-0.2544842047909839,-1.0,-1.0,0.2975780062091482,1.0,6.2143343793313335
-1.0,-0.021706869144673013,-0.8347973693153856,-1.0,0.326600334125439,-0.3125694466879887,-0.3275997318331497
-0.7053710019238655,-0.06118320180084558,-1.0,-0.4594934200248082,-0.832964355693596,0.28198628281442367,-1.4398091347859794
1.0,0.8691491388776662,0.9248196747277377,0.9998773241655932,-0.10683966902460684,0.204137662962323,-1.3328696504124369
-0.4153911635477938,-1.0,-1.0,-1.0,-0.10121087296294395,-0.6153587172690759,-1.9021881266290865
1.0,0.9849360407677858,-0.17347408103326667,1.0,0.30623881269340403,0.6850736816157659,0.40753600562476433
-1.0,0.5631147222943169,-0.5912440532958902,0.33659870727295194,-0.8623408320587331,-1.0,1.2168960255222818
0.5982091242511212,0.8707627669289747,1.0,1.0,1.0,1.0,-6.599387752073095
-1.0,-1.0,0.467571154393498,-0.15925217143299536,0.12142484948514021,0.5266890955696288,-0.2520721084804264
-0.29850040986601467,-0.3564503630315694,-0.5855338363016143,-1.0,-1.0,-0.814679827796762,1.8528245611485263
0.6236604473350125,0.395701208660278,0.5253461594990059,-0.35839507553717476,1.0,1.0,1.4120330650858017
-0.2890390485074694,-0.4602168330481498,-0.3847529199955444,-0.6820528805999346,-1.0,-0.13549077613745264,-0.940349901683742
0.39114131208035396,1.0,-0.6565513470543187,0.22947653674577473,0.29748446969704734,-0.7131804968927662,1.8151333109268997
0.5365855422793526,-0.04270431325758556,-0.4329977476355429,1.0,0.1313322092820557,1.0,3.1335958929257695
-0.2237734156400476,-0.7290516920088903,-1.0,0.24916916802791467,-0.6650419958582753,1.0,5.248730961652667
0.4961164125809969,0.6371241812602788,1.0,1.0,1.0,1.0,-4.857695012925425
0.8247711267844657,1.0,0.2960845178603595,1.0,-1.0,0.19706710766207727,4.487521154652433
0.14088517302409354,-0.19395560903256193,-1.0,0.7816405147872102,-0.8169943392994328,0.231614888772264,-0.4466248783768324
0.9686532967798004,1.0,0.4393069735530223,0.06295826373305491,-1.0,-0.5756110042095578,2.3918336218344662
-1.0,-0.8865203389332892,-0.3245563463262652,-1.0,-0.3516667677187413,-1.0,2.6448912965545395
0.3217940674207622,1.0,1.0,1.0,-1.0,-1.0,2.3386182184649966
